method,seed,success,success_ci95,success_probability,success_probability_ci95,utility,utility_ci95,mechanism_recall,mechanism_recall_ci95,rare_mechanism_recall,rare_mechanism_recall_ci95,coverage_false_negative,coverage_false_negative_ci95,tail_mechanism_failure,tail_mechanism_failure_ci95,unsafe_deployment_failure,unsafe_deployment_failure_ci95,redundancy_rate,redundancy_rate_ci95,selection_cost,selection_cost_ci95,annotation_burden,annotation_burden_ci95,label_noise_risk,label_noise_risk_ci95,schema_mismatch_rate,schema_mismatch_rate_ci95,provenance_risk,provenance_risk_ci95,calibration_ece,calibration_ece_ci95,audit_risk_score,audit_risk_score_ci95,regret_to_oracle,regret_to_oracle_ci95,groups
trajectory_count_selection,0,0.40625,0.022511,0.4149,0.005565,0.36245,0.022418,0.185487,0.001111,0.134782,0.001226,0.145633,0.005066,0.148841,0.0043,0.059795,0.00217,0.213874,0.000414,0.099358,0.000218,0.08732,0.000627,0.05432,0.001972,0.090577,0.002513,0.067335,0.001829,0.059633,0.00072,0.287161,0.009093,0.462844,0.02707,320
trajectory_count_selection,1,0.426042,0.023112,0.415197,0.005597,0.382524,0.022967,0.186163,0.001202,0.13561,0.001192,0.145081,0.005084,0.148468,0.004269,0.059667,0.002121,0.214157,0.000381,0.099358,0.000218,0.08732,0.000627,0.05413,0.001936,0.090622,0.002467,0.067138,0.00185,0.059584,0.00072,0.286265,0.009045,0.438547,0.026687,320
trajectory_count_selection,2,0.423438,0.023303,0.416251,0.005568,0.379655,0.023203,0.185773,0.001175,0.134933,0.001228,0.145187,0.005092,0.148369,0.00429,0.059713,0.002146,0.214128,0.000387,0.099358,0.000218,0.08732,0.000627,0.054137,0.00195,0.09071,0.002501,0.067061,0.001837,0.059604,0.000712,0.28632,0.009086,0.435544,0.026572,320
trajectory_count_selection,3,0.405729,0.022647,0.416156,0.005596,0.361324,0.022778,0.186047,0.001154,0.134692,0.001218,0.145131,0.005123,0.148613,0.004281,0.059745,0.00214,0.21388,0.000395,0.099358,0.000218,0.08732,0.000627,0.054412,0.001944,0.090687,0.002528,0.067327,0.001811,0.059743,0.000742,0.286463,0.009113,0.447804,0.025716,320
trajectory_count_selection,4,0.410938,0.022716,0.415126,0.005565,0.366716,0.022793,0.186441,0.00113,0.13471,0.001195,0.144815,0.005095,0.148734,0.00431,0.059759,0.002155,0.214193,0.000361,0.099358,0.000218,0.08732,0.000627,0.054138,0.001944,0.090355,0.002544,0.067168,0.001815,0.0595,0.000713,0.286246,0.009121,0.460406,0.027549,320
trajectory_count_selection,5,0.397396,0.022017,0.415509,0.005538,0.354236,0.021901,0.186128,0.001125,0.13411,0.001289,0.145379,0.005085,0.148849,0.004258,0.05982,0.002138,0.21382,0.000378,0.099358,0.000218,0.08732,0.000627,0.054388,0.001953,0.090631,0.0025,0.067272,0.001803,0.05977,0.000711,0.286926,0.00906,0.460685,0.02609,320
trajectory_count_selection,6,0.425521,0.022286,0.415711,0.005566,0.381145,0.022259,0.186697,0.001081,0.134128,0.00117,0.145537,0.005078,0.148645,0.004295,0.059814,0.002138,0.213979,0.000397,0.099358,0.000218,0.08732,0.000627,0.05403,0.001986,0.090967,0.002503,0.067096,0.001817,0.059597,0.000727,0.286927,0.009069,0.441255,0.026916,320
trajectory_count_selection,7,0.406771,0.021419,0.415104,0.005571,0.362117,0.02155,0.186445,0.001119,0.13344,0.001142,0.145432,0.005054,0.148204,0.00424,0.059923,0.002167,0.213968,0.000337,0.099358,0.000218,0.08732,0.000627,0.054642,0.001981,0.090797,0.002509,0.067394,0.001806,0.05972,0.000766,0.286546,0.009031,0.454263,0.026527,320
trajectory_count_selection,8,0.413021,0.02154,0.414884,0.005529,0.368687,0.021458,0.186682,0.001179,0.136346,0.001127,0.145485,0.005111,0.149034,0.004261,0.059787,0.002179,0.213965,0.000392,0.099358,0.000218,0.08732,0.000627,0.054341,0.001957,0.090597,0.002509,0.067177,0.001821,0.059589,0.000725,0.287154,0.009111,0.456617,0.026644,320
trajectory_count_selection,9,0.398958,0.02165,0.415146,0.005599,0.354009,0.021817,0.186852,0.001143,0.13583,0.001182,0.145188,0.005078,0.148376,0.004256,0.059753,0.00215,0.21423,0.000369,0.099358,0.000218,0.08732,0.000627,0.054192,0.001952,0.090887,0.002508,0.067544,0.001821,0.059597,0.0007,0.286346,0.009065,0.455266,0.02673,320
task_count_selection,0,0.448958,0.021785,0.440125,0.005304,0.413108,0.022008,0.234948,0.001113,0.171285,0.001186,0.134124,0.004745,0.140413,0.004,0.057208,0.002034,0.20343,0.00039,0.130546,0.000218,0.106361,0.000605,0.053153,0.001869,0.087041,0.002386,0.065729,0.001729,0.057094,0.000684,0.268037,0.00848,0.416432,0.025108,320
task_count_selection,1,0.45,0.022706,0.440295,0.005341,0.414467,0.02264,0.233421,0.001209,0.170301,0.001161,0.134228,0.004754,0.140831,0.004043,0.057469,0.002025,0.203256,0.000363,0.130546,0.000218,0.106361,0.000605,0.052967,0.001889,0.087252,0.002397,0.065441,0.001752,0.056787,0.000682,0.268586,0.008517,0.408497,0.027493,320
task_count_selection,2,0.429688,0.021399,0.441099,0.005261,0.393353,0.021592,0.233534,0.001095,0.171425,0.001229,0.134124,0.004786,0.14093,0.004011,0.057487,0.002056,0.203317,0.000405,0.130546,0.000218,0.106361,0.000605,0.053186,0.001847,0.087511,0.002409,0.065933,0.001786,0.056863,0.000696,0.268565,0.008549,0.42241,0.026066,320
task_count_selection,3,0.440104,0.023263,0.440071,0.005258,0.404686,0.023405,0.234957,0.001004,0.170716,0.001155,0.133648,0.004707,0.140221,0.004004,0.057201,0.002026,0.203554,0.000357,0.130546,0.000218,0.106361,0.000605,0.053167,0.001834,0.087244,0.002355,0.065572,0.001768,0.056869,0.000667,0.267414,0.008449,0.407314,0.027423,320
task_count_selection,4,0.456771,0.023748,0.440084,0.005192,0.42165,0.023722,0.233976,0.001118,0.169626,0.001148,0.133729,0.004702,0.141007,0.003957,0.057631,0.002026,0.203671,0.000371,0.130546,0.000218,0.106361,0.000605,0.05316,0.001861,0.087277,0.00242,0.065649,0.001747,0.056948,0.000707,0.2683,0.008389,0.40575,0.027572,320
task_count_selection,5,0.465104,0.022562,0.440914,0.00525,0.42971,0.022684,0.234298,0.001122,0.170066,0.00121,0.133605,0.00476,0.140426,0.004046,0.057245,0.001987,0.20367,0.000348,0.130546,0.000218,0.106361,0.000605,0.053142,0.001864,0.086946,0.002342,0.06557,0.001777,0.056971,0.000687,0.267547,0.008525,0.389425,0.02642,320
task_count_selection,6,0.448958,0.021398,0.440389,0.005227,0.413075,0.021475,0.233742,0.001105,0.170574,0.001166,0.133522,0.004756,0.140242,0.004037,0.057465,0.002028,0.203445,0.000379,0.130546,0.000218,0.106361,0.000605,0.053151,0.001867,0.087052,0.002364,0.065702,0.00177,0.056915,0.000667,0.267435,0.008524,0.410608,0.025319,320
task_count_selection,7,0.436458,0.022713,0.440611,0.005278,0.401329,0.022513,0.233678,0.001108,0.171676,0.001231,0.134036,0.004717,0.140397,0.004009,0.057436,0.002064,0.203535,0.000364,0.130546,0.000218,0.106361,0.000605,0.053106,0.001882,0.087445,0.002373,0.065775,0.001751,0.056855,0.000674,0.268052,0.008475,0.416563,0.026916,320
task_count_selection,8,0.4375,0.022656,0.440364,0.00529,0.401787,0.022805,0.23382,0.001107,0.170769,0.001183,0.133761,0.004782,0.140441,0.004017,0.057587,0.002044,0.203419,0.000376,0.130546,0.000218,0.106361,0.000605,0.05344,0.001895,0.087226,0.002389,0.065642,0.00177,0.056804,0.000695,0.267885,0.008538,0.425578,0.027139,320
task_count_selection,9,0.431771,0.022386,0.439848,0.005302,0.396294,0.022244,0.233923,0.001105,0.170951,0.0012,0.133813,0.004727,0.140585,0.004009,0.057199,0.002034,0.203485,0.000384,0.130546,0.000218,0.106361,0.000605,0.053264,0.00188,0.087277,0.002355,0.065664,0.001774,0.056939,0.00066,0.267851,0.008496,0.417091,0.025486,320
embodiment_count_selection,0,0.473958,0.023274,0.465472,0.004838,0.447927,0.023487,0.280754,0.00113,0.196425,0.001221,0.121843,0.004312,0.135111,0.003771,0.052338,0.001726,0.196576,0.000396,0.150298,0.000218,0.113637,0.000587,0.052605,0.001787,0.073773,0.001634,0.063869,0.001673,0.052937,0.000611,0.249345,0.007745,0.381532,0.026353,320
embodiment_count_selection,1,0.473958,0.023319,0.46515,0.004833,0.447663,0.023532,0.281162,0.001124,0.198099,0.001216,0.121925,0.004313,0.135062,0.003837,0.052333,0.001727,0.196659,0.000376,0.150298,0.000218,0.113637,0.000587,0.052594,0.001846,0.073616,0.001633,0.064128,0.001661,0.05319,0.000591,0.249388,0.007796,0.382772,0.026071,320
embodiment_count_selection,2,0.477083,0.022631,0.465602,0.004829,0.45128,0.022649,0.280815,0.001164,0.196861,0.001132,0.122093,0.004293,0.134619,0.003817,0.052166,0.00173,0.196471,0.000364,0.150298,0.000218,0.113637,0.000587,0.05268,0.001824,0.073836,0.001631,0.06414,0.001695,0.053134,0.000599,0.24914,0.007755,0.371448,0.025818,320
embodiment_count_selection,3,0.469271,0.021836,0.464712,0.00486,0.442665,0.022148,0.281256,0.001098,0.196987,0.001225,0.12213,0.004245,0.135058,0.003742,0.052075,0.001747,0.196875,0.000346,0.150298,0.000218,0.113637,0.000587,0.052308,0.001809,0.073535,0.001628,0.064247,0.001678,0.05317,0.000603,0.249461,0.00768,0.373994,0.026209,320
embodiment_count_selection,4,0.460938,0.023122,0.465077,0.004856,0.434757,0.023166,0.280026,0.001086,0.194659,0.001184,0.122067,0.004272,0.134507,0.003782,0.052185,0.001724,0.196665,0.000378,0.150298,0.000218,0.113637,0.000587,0.052553,0.001807,0.073819,0.001621,0.064363,0.001663,0.053138,0.000602,0.249039,0.007716,0.395857,0.026423,320
embodiment_count_selection,5,0.470313,0.023109,0.465106,0.004864,0.444201,0.023403,0.280157,0.001102,0.197554,0.001271,0.121756,0.004275,0.134802,0.003791,0.051993,0.001734,0.196498,0.000376,0.150298,0.000218,0.113637,0.000587,0.052528,0.00182,0.073694,0.001638,0.064166,0.001695,0.053082,0.000619,0.248855,0.007727,0.372705,0.025283,320
embodiment_count_selection,6,0.467187,0.0226,0.465178,0.004856,0.440742,0.022723,0.281089,0.00111,0.19692,0.001121,0.121498,0.004283,0.135161,0.003769,0.052308,0.001746,0.196399,0.000387,0.150298,0.000218,0.113637,0.000587,0.052368,0.001832,0.073628,0.001676,0.064093,0.001722,0.052966,0.000594,0.249023,0.007724,0.381376,0.024215,320
embodiment_count_selection,7,0.451562,0.023359,0.465567,0.004797,0.425526,0.023458,0.279753,0.001126,0.197744,0.001184,0.121659,0.004302,0.134784,0.003817,0.051908,0.001751,0.19678,0.000351,0.150298,0.000218,0.113637,0.000587,0.052667,0.001806,0.073791,0.001665,0.064282,0.001687,0.053121,0.0006,0.248701,0.007788,0.39504,0.026264,320
embodiment_count_selection,8,0.483854,0.021785,0.465421,0.004868,0.457357,0.022004,0.280981,0.001164,0.196619,0.00119,0.121576,0.004273,0.134702,0.003754,0.052462,0.001713,0.19664,0.0004,0.150298,0.000218,0.113637,0.000587,0.05239,0.001824,0.074135,0.001632,0.063917,0.001677,0.05316,0.000599,0.248833,0.007696,0.376709,0.025031,320
embodiment_count_selection,9,0.473958,0.023587,0.466155,0.004824,0.448266,0.023796,0.280075,0.00114,0.1976,0.001274,0.121594,0.004256,0.134662,0.003807,0.052028,0.001757,0.196459,0.000382,0.150298,0.000218,0.113637,0.000587,0.052377,0.001881,0.074057,0.001659,0.064124,0.001661,0.053153,0.00061,0.248605,0.007722,0.370044,0.026009,320
random_balanced_selection,0,0.471354,0.022989,0.469968,0.00456,0.453968,0.023141,0.316985,0.001077,0.23914,0.001215,0.111648,0.004066,0.126284,0.00346,0.051797,0.001763,0.173471,0.000376,0.170454,0.000218,0.130938,0.000521,0.049507,0.001611,0.077105,0.001966,0.059265,0.001484,0.050826,0.00058,0.23226,0.007296,0.376755,0.025887,320
random_balanced_selection,1,0.480208,0.022342,0.470231,0.004585,0.462861,0.022621,0.316131,0.001121,0.240732,0.001157,0.111238,0.004017,0.126434,0.003497,0.052367,0.001734,0.173701,0.000388,0.170454,0.000218,0.130938,0.000521,0.049294,0.001618,0.077357,0.001944,0.059295,0.001477,0.050757,0.000571,0.232247,0.007252,0.366855,0.025441,320
random_balanced_selection,2,0.484896,0.023189,0.469965,0.004598,0.467364,0.023421,0.316853,0.001117,0.238782,0.001206,0.111628,0.00406,0.126535,0.003492,0.052065,0.001751,0.173619,0.000382,0.170454,0.000218,0.130938,0.000521,0.049455,0.001596,0.077141,0.001948,0.059095,0.001467,0.050736,0.000584,0.232562,0.007322,0.356326,0.027303,320
random_balanced_selection,3,0.459375,0.022701,0.470037,0.004606,0.442287,0.022765,0.317231,0.001114,0.239221,0.001155,0.111635,0.004032,0.126202,0.003489,0.051959,0.001767,0.173268,0.000397,0.170454,0.000218,0.130938,0.000521,0.049483,0.001565,0.077397,0.001964,0.059272,0.001501,0.050911,0.000608,0.232266,0.007282,0.374488,0.02654,320
random_balanced_selection,4,0.470313,0.024978,0.470406,0.004658,0.453743,0.025127,0.316531,0.001167,0.239358,0.001175,0.11156,0.004046,0.126383,0.003511,0.052128,0.001751,0.17317,0.000378,0.170454,0.000218,0.130938,0.000521,0.04928,0.001595,0.077105,0.001979,0.059306,0.001494,0.05084,0.000575,0.232411,0.007312,0.378974,0.02718,320
random_balanced_selection,5,0.46875,0.023016,0.469856,0.004659,0.451412,0.023221,0.316772,0.001147,0.239271,0.001171,0.11193,0.004028,0.126736,0.003511,0.052006,0.001713,0.173502,0.000376,0.170454,0.000218,0.130938,0.000521,0.04918,0.001589,0.076902,0.001983,0.059376,0.001482,0.050811,0.000606,0.232984,0.007272,0.367793,0.025584,320
random_balanced_selection,6,0.471875,0.022653,0.470362,0.004623,0.454608,0.022785,0.317254,0.001147,0.239484,0.001261,0.111443,0.004006,0.126588,0.003508,0.052118,0.001726,0.173498,0.00037,0.170454,0.000218,0.130938,0.000521,0.049553,0.001592,0.077196,0.001932,0.059318,0.001449,0.050835,0.000568,0.232443,0.007254,0.374255,0.025848,320
random_balanced_selection,7,0.452604,0.022796,0.469566,0.00467,0.435326,0.023045,0.316274,0.001071,0.239522,0.001197,0.111581,0.004029,0.126239,0.003472,0.052142,0.001742,0.173605,0.00039,0.170454,0.000218,0.130938,0.000521,0.04914,0.001585,0.077319,0.001969,0.059427,0.001489,0.05085,0.000587,0.232331,0.007256,0.385109,0.026268,320
random_balanced_selection,8,0.461458,0.022328,0.470179,0.004538,0.443964,0.022587,0.316836,0.001131,0.238954,0.001161,0.111827,0.004022,0.126451,0.0035,0.052296,0.00173,0.173552,0.000378,0.170454,0.000218,0.130938,0.000521,0.049488,0.001586,0.077272,0.001992,0.059627,0.001501,0.050826,0.00059,0.232814,0.007267,0.386526,0.025948,320
random_balanced_selection,9,0.484375,0.022194,0.469821,0.00455,0.4672,0.022288,0.317733,0.001079,0.239486,0.00115,0.111474,0.004016,0.126555,0.003505,0.052036,0.001752,0.173326,0.000377,0.170454,0.000218,0.130938,0.000521,0.049281,0.001602,0.077114,0.001957,0.058934,0.001505,0.050747,0.000597,0.232408,0.007282,0.34867,0.024194,320
embedding_diversity_selection,0,0.507292,0.024008,0.50326,0.004275,0.502625,0.024172,0.38037,0.001019,0.283376,0.001235,0.097791,0.003575,0.118055,0.003199,0.049401,0.00161,0.158108,0.000372,0.20447,0.000218,0.141659,0.000498,0.048153,0.00153,0.072182,0.001764,0.057659,0.001416,0.047312,0.00053,0.211032,0.006552,0.340947,0.026622,320
embedding_diversity_selection,1,0.492708,0.022802,0.503129,0.004279,0.487864,0.02309,0.380436,0.001173,0.282906,0.001254,0.098,0.003558,0.118307,0.003208,0.049738,0.001624,0.15778,0.000367,0.20447,0.000218,0.141659,0.000498,0.048301,0.001531,0.072117,0.001791,0.057452,0.001461,0.047224,0.000522,0.211599,0.006538,0.344588,0.024937,320
embedding_diversity_selection,2,0.508333,0.022614,0.50281,0.00421,0.50355,0.022883,0.380459,0.001158,0.283245,0.001132,0.097527,0.003589,0.11783,0.003248,0.049494,0.001614,0.157859,0.000377,0.20447,0.000218,0.141659,0.000498,0.048246,0.00155,0.072342,0.001793,0.057545,0.001404,0.047358,0.000534,0.210646,0.006611,0.321964,0.024562,320
embedding_diversity_selection,3,0.509375,0.022747,0.503005,0.004213,0.504877,0.022952,0.381227,0.001096,0.283219,0.001199,0.097813,0.003504,0.118155,0.003196,0.049261,0.001597,0.158204,0.000384,0.20447,0.000218,0.141659,0.000498,0.048035,0.001531,0.072338,0.001789,0.057508,0.001407,0.047355,0.000531,0.21106,0.006488,0.318331,0.02554,320
embedding_diversity_selection,4,0.489063,0.021242,0.502502,0.004243,0.484126,0.021441,0.38003,0.001127,0.282699,0.001267,0.097306,0.003567,0.118073,0.003195,0.049659,0.001609,0.158059,0.000371,0.20447,0.000218,0.141659,0.000498,0.048387,0.001522,0.072479,0.001771,0.057462,0.001417,0.047403,0.000529,0.21069,0.006542,0.349118,0.02594,320
embedding_diversity_selection,5,0.516667,0.023288,0.502824,0.004194,0.511884,0.023501,0.381046,0.00103,0.282581,0.001115,0.097576,0.003575,0.117699,0.003174,0.049453,0.001612,0.157833,0.000348,0.20447,0.000218,0.141659,0.000498,0.048504,0.001497,0.072179,0.001749,0.057713,0.001387,0.047108,0.000551,0.210577,0.006534,0.316338,0.024219,320
embedding_diversity_selection,6,0.501563,0.020828,0.502761,0.004193,0.496731,0.021055,0.379817,0.001141,0.283044,0.001125,0.097442,0.003555,0.118029,0.00321,0.049342,0.001614,0.157886,0.000368,0.20447,0.000218,0.141659,0.000498,0.048086,0.001499,0.072061,0.001787,0.057613,0.0014,0.047275,0.000532,0.210634,0.006531,0.334017,0.024444,320
embedding_diversity_selection,7,0.49375,0.021966,0.502586,0.004191,0.489139,0.022138,0.380684,0.001093,0.282908,0.00115,0.097972,0.003597,0.118171,0.003215,0.049467,0.00158,0.158018,0.000366,0.20447,0.000218,0.141659,0.000498,0.04809,0.001556,0.071975,0.001784,0.057572,0.00143,0.047161,0.000537,0.211334,0.006576,0.335567,0.025883,320
embedding_diversity_selection,8,0.485417,0.023837,0.50273,0.004291,0.48063,0.023837,0.380841,0.00111,0.282623,0.001158,0.098119,0.003574,0.11871,0.003217,0.049482,0.001642,0.157658,0.00035,0.20447,0.000218,0.141659,0.000498,0.048332,0.001502,0.072078,0.001789,0.057817,0.001428,0.047478,0.000513,0.211892,0.006575,0.355635,0.025766,320
embedding_diversity_selection,9,0.5,0.023405,0.502263,0.004233,0.495303,0.023444,0.380309,0.001144,0.283614,0.001165,0.097865,0.0036,0.118202,0.003144,0.04923,0.001638,0.157799,0.000388,0.20447,0.000218,0.141659,0.000498,0.048604,0.001519,0.072248,0.00179,0.05779,0.001426,0.047227,0.000532,0.211132,0.006546,0.324447,0.025767,320
uncertainty_sampling,0,0.521875,0.02269,0.517969,0.003858,0.527163,0.02275,0.410816,0.001097,0.341799,0.001177,0.083075,0.003197,0.097243,0.002484,0.044701,0.001397,0.16445,0.000357,0.234111,0.000218,0.16102,0.000476,0.047655,0.001447,0.069643,0.001702,0.0562,0.001375,0.044515,0.000486,0.178358,0.005543,0.315003,0.024452,320
uncertainty_sampling,1,0.526042,0.021885,0.518202,0.003852,0.531395,0.021984,0.411586,0.001114,0.342217,0.001202,0.08276,0.003202,0.096988,0.002501,0.045057,0.001396,0.164594,0.000368,0.234111,0.000218,0.16102,0.000476,0.047087,0.001439,0.069556,0.001708,0.05564,0.001366,0.044307,0.000486,0.178029,0.00557,0.308606,0.024428,320
uncertainty_sampling,2,0.507812,0.02184,0.517694,0.003891,0.513231,0.021941,0.411141,0.001115,0.341866,0.001224,0.083009,0.003226,0.097071,0.002489,0.044792,0.001391,0.164306,0.000374,0.234111,0.000218,0.16102,0.000476,0.047463,0.001423,0.069272,0.00171,0.055719,0.001357,0.044331,0.000487,0.178208,0.00558,0.317458,0.025356,320
uncertainty_sampling,3,0.503125,0.020901,0.517707,0.003826,0.508659,0.021047,0.411502,0.001194,0.341539,0.001232,0.082732,0.00327,0.096857,0.002465,0.045032,0.001389,0.16414,0.000368,0.234111,0.000218,0.16102,0.000476,0.047341,0.00145,0.06965,0.001731,0.056003,0.001354,0.044554,0.000489,0.177892,0.005608,0.314233,0.023493,320
uncertainty_sampling,4,0.534896,0.021809,0.518577,0.003831,0.540436,0.021915,0.411476,0.001118,0.342846,0.001184,0.082853,0.003229,0.09723,0.002437,0.044954,0.001423,0.164511,0.00037,0.234111,0.000218,0.16102,0.000476,0.047202,0.001427,0.069421,0.001683,0.055862,0.00136,0.044539,0.000502,0.178253,0.00555,0.298023,0.023842,320
uncertainty_sampling,5,0.524479,0.021498,0.517681,0.003864,0.530071,0.021659,0.411353,0.001055,0.342794,0.001195,0.082851,0.00326,0.09683,0.00246,0.044807,0.001394,0.164416,0.000396,0.234111,0.000218,0.16102,0.000476,0.047178,0.001468,0.069561,0.001726,0.055774,0.001369,0.044429,0.000498,0.177877,0.005601,0.300761,0.024168,320
uncertainty_sampling,6,0.522917,0.023043,0.51807,0.003859,0.528427,0.023135,0.411532,0.001068,0.342746,0.001232,0.082886,0.003235,0.096864,0.002447,0.044763,0.001374,0.164306,0.000366,0.234111,0.000218,0.16102,0.000476,0.047322,0.001446,0.069788,0.001715,0.055845,0.001367,0.044363,0.000498,0.177916,0.005554,0.303271,0.025529,320
uncertainty_sampling,7,0.538542,0.02195,0.518366,0.003892,0.544255,0.022158,0.411863,0.00126,0.342374,0.00118,0.082959,0.003255,0.096895,0.002458,0.044821,0.001404,0.164297,0.00037,0.234111,0.000218,0.16102,0.000476,0.046968,0.001453,0.069523,0.001719,0.055925,0.00133,0.044329,0.0005,0.17804,0.005587,0.29148,0.023739,320
uncertainty_sampling,8,0.521354,0.023264,0.517874,0.003881,0.526932,0.023373,0.41241,0.001094,0.34233,0.001115,0.082959,0.003281,0.097143,0.002456,0.044637,0.001391,0.164037,0.000391,0.234111,0.000218,0.16102,0.000476,0.04718,0.001446,0.069427,0.001681,0.056101,0.001354,0.044433,0.000513,0.178134,0.005628,0.314267,0.024891,320
uncertainty_sampling,9,0.532292,0.022118,0.517392,0.003877,0.537853,0.022199,0.411601,0.001042,0.341448,0.001213,0.082802,0.003279,0.096832,0.00243,0.044896,0.001388,0.16456,0.000372,0.234111,0.000218,0.16102,0.000476,0.047106,0.001418,0.069286,0.001715,0.055793,0.00133,0.04437,0.000506,0.177874,0.005585,0.286842,0.023989,320
failure_prediction_selection,0,0.54375,0.022306,0.543591,0.003358,0.566294,0.022188,0.478189,0.001147,0.41563,0.001201,0.064672,0.00271,0.0808,0.001886,0.041105,0.001212,0.158179,0.000368,0.249739,0.000218,0.170005,0.00045,0.045614,0.001338,0.064665,0.001614,0.054235,0.001274,0.040012,0.000454,0.145825,0.004531,0.278493,0.024282,320
failure_prediction_selection,1,0.533854,0.020998,0.543543,0.003399,0.557045,0.021143,0.477498,0.00109,0.416117,0.001174,0.065006,0.002675,0.080427,0.001902,0.041335,0.001219,0.158231,0.0004,0.249739,0.000218,0.170005,0.00045,0.045855,0.001357,0.064525,0.001581,0.053915,0.00129,0.040082,0.000438,0.145994,0.004527,0.282073,0.02348,320
failure_prediction_selection,2,0.548438,0.023759,0.544424,0.003336,0.570961,0.02364,0.477667,0.001111,0.416339,0.001224,0.065279,0.002703,0.080762,0.001849,0.041406,0.001218,0.158255,0.000374,0.249739,0.000218,0.170005,0.00045,0.0455,0.001356,0.064761,0.001567,0.054184,0.001281,0.040043,0.000416,0.146553,0.004522,0.268041,0.024562,320
failure_prediction_selection,3,0.531771,0.021431,0.543701,0.003365,0.555067,0.021523,0.476732,0.001044,0.415861,0.001195,0.064697,0.002656,0.080335,0.001865,0.041258,0.001193,0.158227,0.000375,0.249739,0.000218,0.170005,0.00045,0.046032,0.001349,0.064943,0.001604,0.053824,0.001285,0.040489,0.000453,0.145576,0.004468,0.27239,0.024294,320
failure_prediction_selection,4,0.538542,0.021468,0.542795,0.003397,0.561509,0.021459,0.477629,0.001071,0.415736,0.001128,0.065168,0.002655,0.080809,0.001849,0.040702,0.001224,0.157981,0.00038,0.249739,0.000218,0.170005,0.00045,0.045978,0.001368,0.06493,0.001579,0.053998,0.001276,0.040027,0.000439,0.146126,0.004462,0.283412,0.024008,320
failure_prediction_selection,5,0.532292,0.022353,0.543433,0.003389,0.554762,0.022209,0.477979,0.001083,0.415606,0.001249,0.065115,0.002641,0.080811,0.001956,0.041211,0.001207,0.158181,0.000399,0.249739,0.000218,0.170005,0.00045,0.045961,0.001364,0.064419,0.001578,0.054056,0.001268,0.04029,0.000467,0.146329,0.004531,0.280383,0.023668,320
failure_prediction_selection,6,0.54375,0.021445,0.543793,0.003322,0.566722,0.02145,0.47741,0.001089,0.414621,0.001271,0.065218,0.002626,0.080414,0.001853,0.041275,0.001203,0.158106,0.00037,0.249739,0.000218,0.170005,0.00045,0.045909,0.001334,0.064733,0.001554,0.053773,0.001303,0.040086,0.000423,0.146165,0.004434,0.269636,0.023572,320
failure_prediction_selection,7,0.547396,0.022473,0.543562,0.003438,0.570005,0.022464,0.477492,0.001014,0.415817,0.001194,0.065491,0.002681,0.080573,0.001871,0.041417,0.001249,0.158221,0.000363,0.249739,0.000218,0.170005,0.00045,0.04579,0.001328,0.064883,0.001538,0.05392,0.001308,0.040254,0.000433,0.146629,0.004507,0.27003,0.024252,320
failure_prediction_selection,8,0.530729,0.022865,0.543795,0.003395,0.553717,0.022851,0.477654,0.001141,0.414804,0.001184,0.064895,0.002638,0.080377,0.001888,0.041,0.001214,0.157979,0.000382,0.249739,0.000218,0.170005,0.00045,0.045901,0.001341,0.064542,0.001571,0.054259,0.001255,0.040055,0.000429,0.145678,0.004464,0.293516,0.024179,320
failure_prediction_selection,9,0.548438,0.02367,0.54395,0.003367,0.571146,0.023685,0.478018,0.001068,0.416003,0.001141,0.065389,0.002664,0.080644,0.001889,0.04102,0.001224,0.158023,0.000344,0.249739,0.000218,0.170005,0.00045,0.045576,0.001358,0.064563,0.001576,0.053932,0.001278,0.040208,0.000406,0.146381,0.004499,0.263595,0.024144,320
value_of_information_active_selection,0,0.545833,0.022582,0.548501,0.003304,0.567352,0.022511,0.481753,0.001098,0.410424,0.001181,0.064091,0.002679,0.082903,0.001991,0.04099,0.001208,0.153584,0.000382,0.262446,0.000218,0.181366,0.000428,0.044805,0.001284,0.063841,0.001541,0.052552,0.001227,0.039976,0.000455,0.146763,0.004597,0.282586,0.023134,320
value_of_information_active_selection,1,0.547917,0.021582,0.548128,0.003362,0.570019,0.021549,0.482264,0.001154,0.412065,0.001136,0.063724,0.00264,0.082456,0.001926,0.041125,0.001185,0.153355,0.000362,0.262446,0.000218,0.181366,0.000428,0.044907,0.00128,0.064172,0.001562,0.052547,0.001235,0.039901,0.000407,0.146128,0.004479,0.271686,0.022917,320
value_of_information_active_selection,2,0.54375,0.021348,0.548514,0.003331,0.565795,0.021443,0.481469,0.001168,0.410959,0.001169,0.063593,0.002617,0.083025,0.001993,0.040917,0.001186,0.153119,0.000375,0.262446,0.000218,0.181366,0.000428,0.044698,0.001284,0.063844,0.001547,0.052677,0.001198,0.040056,0.000449,0.14632,0.00452,0.26613,0.023118,320
value_of_information_active_selection,3,0.551042,0.021201,0.548405,0.003312,0.573153,0.021199,0.482209,0.00106,0.411708,0.001204,0.063844,0.00265,0.082789,0.001929,0.040973,0.001197,0.15327,0.000371,0.262446,0.000218,0.181366,0.000428,0.04483,0.001305,0.063682,0.001519,0.05217,0.001222,0.039921,0.000436,0.146422,0.004506,0.26224,0.023733,320
value_of_information_active_selection,4,0.534375,0.023812,0.548254,0.003311,0.556055,0.023811,0.48178,0.001109,0.411871,0.001143,0.063981,0.00263,0.082973,0.001895,0.041002,0.001187,0.153448,0.000378,0.262446,0.000218,0.181366,0.000428,0.045019,0.001293,0.063969,0.001526,0.052395,0.001244,0.039981,0.000449,0.146711,0.004463,0.287646,0.025103,320
value_of_information_active_selection,5,0.550521,0.021776,0.548102,0.003321,0.57272,0.021927,0.482318,0.001107,0.411934,0.001179,0.064366,0.002639,0.082795,0.001942,0.040959,0.001197,0.153542,0.000384,0.262446,0.000218,0.181366,0.000428,0.044811,0.001278,0.063763,0.001518,0.05236,0.00125,0.040087,0.00044,0.146942,0.00451,0.262681,0.023963,320
value_of_information_active_selection,6,0.538021,0.022362,0.548694,0.00333,0.559886,0.022328,0.482145,0.001155,0.41128,0.0012,0.063975,0.002654,0.082732,0.001898,0.040874,0.001198,0.153476,0.000378,0.262446,0.000218,0.181366,0.000428,0.044906,0.00128,0.063772,0.001538,0.052556,0.00121,0.039838,0.000434,0.146461,0.004482,0.280682,0.024614,320
value_of_information_active_selection,7,0.533333,0.023072,0.548978,0.003376,0.555371,0.023101,0.481817,0.001102,0.412774,0.001155,0.06399,0.002644,0.082623,0.001988,0.040709,0.001165,0.153343,0.000404,0.262446,0.000218,0.181366,0.000428,0.044574,0.001294,0.063888,0.001505,0.052537,0.001232,0.040034,0.000417,0.146312,0.004525,0.28496,0.025153,320
value_of_information_active_selection,8,0.558854,0.023384,0.548303,0.00332,0.580136,0.023269,0.482432,0.00106,0.4107,0.001156,0.064312,0.002591,0.083004,0.001947,0.040935,0.001178,0.153208,0.000377,0.262446,0.000218,0.181366,0.000428,0.044875,0.001288,0.063916,0.001505,0.052206,0.001191,0.039982,0.000435,0.147033,0.004452,0.266724,0.024671,320
value_of_information_active_selection,9,0.535417,0.021774,0.548744,0.003382,0.557588,0.021896,0.482375,0.001085,0.412037,0.001102,0.063859,0.002641,0.082737,0.001978,0.040823,0.00124,0.152957,0.000384,0.262446,0.000218,0.181366,0.000428,0.044511,0.001252,0.063935,0.001498,0.052418,0.001242,0.039894,0.000436,0.146322,0.004554,0.274996,0.02537,320
dataset_card_compliance_selection,0,0.509375,0.022377,0.520075,0.003721,0.518208,0.022386,0.418662,0.001125,0.321794,0.001272,0.077029,0.003076,0.102716,0.002661,0.040231,0.001157,0.15127,0.000389,0.220442,0.000218,0.146301,0.000301,0.039388,0.000923,0.05868,0.001068,0.041454,0.00075,0.042265,0.00042,0.174181,0.005447,0.31939,0.024911,320
dataset_card_compliance_selection,1,0.521354,0.021343,0.520048,0.003708,0.53,0.02148,0.41824,0.001141,0.322958,0.001217,0.077104,0.003049,0.103382,0.002652,0.040523,0.001161,0.150673,0.000372,0.220442,0.000218,0.146301,0.000301,0.039328,0.000904,0.058887,0.001063,0.041694,0.000729,0.042522,0.000421,0.174902,0.005417,0.304183,0.024112,320
dataset_card_compliance_selection,2,0.513021,0.022564,0.519711,0.003731,0.521827,0.022642,0.418769,0.001039,0.321763,0.001172,0.076809,0.003081,0.102981,0.002695,0.040229,0.001138,0.150835,0.00035,0.220442,0.000218,0.146301,0.000301,0.039513,0.000888,0.058817,0.001104,0.04141,0.000738,0.042354,0.000442,0.174159,0.005458,0.30898,0.025056,320
dataset_card_compliance_selection,3,0.511979,0.022103,0.519926,0.003702,0.520584,0.022205,0.418197,0.001104,0.322186,0.001223,0.076589,0.003088,0.102793,0.002681,0.040183,0.001132,0.150833,0.000374,0.220442,0.000218,0.146301,0.000301,0.039519,0.000877,0.059013,0.001093,0.041579,0.000733,0.042507,0.000438,0.173775,0.005451,0.308724,0.025035,320
dataset_card_compliance_selection,4,0.521354,0.022902,0.519991,0.003718,0.530102,0.022994,0.419074,0.001094,0.321738,0.001265,0.076741,0.003058,0.102505,0.002669,0.040431,0.001163,0.150592,0.000402,0.220442,0.000218,0.146301,0.000301,0.039394,0.000911,0.059004,0.001093,0.04152,0.000725,0.042275,0.000423,0.173835,0.005435,0.305403,0.024749,320
dataset_card_compliance_selection,5,0.508854,0.022168,0.519505,0.003752,0.517681,0.02239,0.418978,0.001105,0.321536,0.001231,0.076709,0.00307,0.102592,0.002683,0.040518,0.001116,0.151075,0.000367,0.220442,0.000218,0.146301,0.000301,0.039611,0.000893,0.058771,0.001047,0.041673,0.000741,0.042361,0.000442,0.173912,0.005438,0.306878,0.025164,320
dataset_card_compliance_selection,6,0.521875,0.023326,0.520067,0.003777,0.5307,0.023381,0.419502,0.001174,0.322053,0.001215,0.077014,0.003064,0.102545,0.002661,0.040199,0.001159,0.150779,0.000382,0.220442,0.000218,0.146301,0.000301,0.039271,0.000912,0.059058,0.001058,0.041524,0.000757,0.042215,0.000446,0.174023,0.005437,0.304794,0.025618,320
dataset_card_compliance_selection,7,0.520312,0.020249,0.520246,0.003756,0.529118,0.020345,0.418281,0.001163,0.321147,0.001188,0.076571,0.003063,0.102551,0.002637,0.040492,0.001159,0.150409,0.000414,0.220442,0.000218,0.146301,0.000301,0.039553,0.000903,0.058831,0.001092,0.041637,0.000723,0.042278,0.00043,0.17373,0.005405,0.302097,0.023357,320
dataset_card_compliance_selection,8,0.496354,0.023154,0.520381,0.003638,0.505173,0.023305,0.41873,0.001158,0.321739,0.001162,0.076635,0.003086,0.102931,0.002673,0.04071,0.001117,0.150757,0.000374,0.220442,0.000218,0.146301,0.000301,0.039644,0.000876,0.059046,0.001089,0.041262,0.000743,0.042316,0.000444,0.174188,0.005436,0.332026,0.025484,320
dataset_card_compliance_selection,9,0.516667,0.022512,0.520265,0.003654,0.525337,0.022697,0.41886,0.00114,0.320984,0.001203,0.077281,0.003012,0.102892,0.002662,0.04031,0.001138,0.15098,0.000385,0.220442,0.000218,0.146301,0.000301,0.039372,0.00088,0.059027,0.001069,0.041531,0.00073,0.042297,0.000415,0.174605,0.005368,0.299757,0.024072,320
safety_event_mining_selection,0,0.536458,0.023993,0.552116,0.003202,0.565152,0.023865,0.483625,0.001115,0.451976,0.001212,0.055369,0.002511,0.06462,0.001302,0.037466,0.001015,0.161145,0.000362,0.256177,0.000218,0.177122,0.000411,0.04437,0.001219,0.061271,0.001481,0.051216,0.001163,0.037023,0.000409,0.122567,0.00382,0.284229,0.025876,320
safety_event_mining_selection,1,0.55,0.022241,0.551234,0.003193,0.578996,0.022164,0.483509,0.001107,0.451436,0.0012,0.055514,0.002494,0.064427,0.001353,0.037359,0.001056,0.161267,0.00037,0.256177,0.000218,0.177122,0.000411,0.044228,0.001204,0.061031,0.001505,0.051045,0.001155,0.036961,0.00039,0.122513,0.003861,0.266238,0.024776,320
safety_event_mining_selection,2,0.5625,0.022563,0.551394,0.00318,0.59119,0.022456,0.483774,0.001133,0.450298,0.001224,0.055897,0.002479,0.064341,0.001342,0.037536,0.001013,0.161389,0.000355,0.256177,0.000218,0.177122,0.000411,0.043902,0.001247,0.060943,0.001506,0.050988,0.001161,0.037283,0.000411,0.12292,0.003794,0.247677,0.023328,320
safety_event_mining_selection,3,0.566667,0.022651,0.55172,0.003157,0.595069,0.0224,0.48444,0.00109,0.451074,0.001178,0.054976,0.002514,0.06488,0.00131,0.037513,0.001065,0.16139,0.000387,0.256177,0.000218,0.177122,0.000411,0.044081,0.001227,0.060938,0.001524,0.05095,0.001149,0.037102,0.000413,0.122393,0.003836,0.241683,0.023296,320
safety_event_mining_selection,4,0.549479,0.024767,0.551725,0.003209,0.57797,0.024539,0.483772,0.00119,0.452186,0.001185,0.0556,0.00258,0.064444,0.001317,0.037339,0.001034,0.161457,0.000353,0.256177,0.000218,0.177122,0.000411,0.044405,0.001215,0.060876,0.001489,0.050949,0.001153,0.036705,0.000409,0.122602,0.00391,0.26808,0.024909,320
safety_event_mining_selection,5,0.552083,0.021994,0.552436,0.003196,0.581295,0.021861,0.484557,0.00112,0.452522,0.001172,0.054789,0.002521,0.064457,0.001299,0.037348,0.001045,0.161274,0.000388,0.256177,0.000218,0.177122,0.000411,0.044211,0.001209,0.060914,0.001521,0.051023,0.001157,0.036852,0.000412,0.121806,0.00385,0.253479,0.022495,320
safety_event_mining_selection,6,0.557292,0.021451,0.551942,0.003154,0.586683,0.021449,0.484585,0.001059,0.451943,0.001209,0.055282,0.002538,0.064609,0.001329,0.037552,0.001041,0.161563,0.000393,0.256177,0.000218,0.177122,0.000411,0.043888,0.001223,0.061285,0.001505,0.050903,0.001128,0.037209,0.000415,0.122516,0.003863,0.256566,0.023166,320
safety_event_mining_selection,7,0.56875,0.022296,0.551289,0.003106,0.59794,0.022178,0.484305,0.001162,0.452008,0.001134,0.055377,0.002534,0.064274,0.001282,0.037367,0.00104,0.161358,0.00041,0.256177,0.000218,0.177122,0.000411,0.044274,0.00121,0.061068,0.001501,0.050872,0.001163,0.036827,0.000408,0.122266,0.003843,0.246847,0.02341,320
safety_event_mining_selection,8,0.521354,0.022113,0.552433,0.003184,0.551014,0.022058,0.484117,0.00111,0.451191,0.001212,0.055255,0.002512,0.064305,0.001347,0.037292,0.001047,0.16143,0.000347,0.256177,0.000218,0.177122,0.000411,0.044221,0.001188,0.061385,0.0015,0.051068,0.001149,0.036972,0.000407,0.12213,0.003875,0.293033,0.023611,320
safety_event_mining_selection,9,0.554688,0.022226,0.550962,0.00318,0.583672,0.022161,0.485137,0.001102,0.451494,0.001188,0.055317,0.002546,0.064498,0.001308,0.03725,0.001032,0.16161,0.000381,0.256177,0.000218,0.177122,0.000411,0.043761,0.001233,0.06114,0.00149,0.050878,0.001177,0.037157,0.000405,0.122315,0.003855,0.246199,0.022329,320
label_quality_first_selection,0,0.540104,0.021797,0.530593,0.003622,0.55146,0.021868,0.417262,0.00118,0.332419,0.001202,0.067017,0.002948,0.099551,0.002584,0.039067,0.001078,0.149705,0.000385,0.230471,0.000218,0.140899,0.000223,0.033517,0.000522,0.061559,0.001328,0.035669,0.000697,0.03997,0.000408,0.161213,0.005204,0.292447,0.024087,320
label_quality_first_selection,1,0.534896,0.02147,0.529787,0.003597,0.546365,0.021528,0.417757,0.001098,0.332938,0.001153,0.066857,0.00291,0.099158,0.002558,0.03918,0.001069,0.149956,0.000385,0.230471,0.000218,0.140899,0.000223,0.033569,0.000521,0.061595,0.001335,0.036155,0.000645,0.039838,0.000422,0.160815,0.005155,0.292803,0.024352,320
label_quality_first_selection,2,0.510938,0.022438,0.530651,0.003676,0.52243,0.022513,0.417228,0.001129,0.333308,0.001236,0.066491,0.003006,0.099132,0.002603,0.039185,0.001092,0.150059,0.000372,0.230471,0.000218,0.140899,0.000223,0.03358,0.000548,0.061623,0.001339,0.036323,0.000667,0.039749,0.000431,0.160432,0.005281,0.3083,0.025059,320
label_quality_first_selection,3,0.520312,0.021887,0.530187,0.003582,0.531523,0.02184,0.416805,0.001121,0.332556,0.001162,0.066355,0.002906,0.099091,0.002611,0.03926,0.001063,0.149492,0.000387,0.230471,0.000218,0.140899,0.000223,0.033564,0.000518,0.061308,0.001311,0.035825,0.000665,0.039715,0.000396,0.160304,0.005192,0.29381,0.023663,320
label_quality_first_selection,4,0.516667,0.023556,0.529903,0.0036,0.528161,0.02361,0.417661,0.001101,0.33303,0.001184,0.066714,0.002914,0.099233,0.002533,0.039048,0.001083,0.149752,0.00038,0.230471,0.000218,0.140899,0.000223,0.033776,0.000575,0.061468,0.001378,0.036179,0.000661,0.039807,0.000419,0.160663,0.005144,0.312518,0.024512,320
label_quality_first_selection,5,0.534375,0.023008,0.530049,0.003624,0.545733,0.02305,0.417427,0.001132,0.333143,0.001246,0.066984,0.002956,0.099737,0.002545,0.039312,0.001085,0.149914,0.000358,0.230471,0.000218,0.140899,0.000223,0.033694,0.000513,0.06142,0.001345,0.036073,0.000647,0.039949,0.000419,0.161443,0.005194,0.290069,0.024049,320
label_quality_first_selection,6,0.529167,0.023185,0.530535,0.003642,0.540494,0.023303,0.417939,0.001077,0.333073,0.001226,0.066764,0.002934,0.099728,0.002541,0.039169,0.001098,0.149702,0.000357,0.230471,0.000218,0.140899,0.000223,0.03382,0.000541,0.061143,0.001365,0.035731,0.000666,0.039844,0.000432,0.161144,0.005181,0.300032,0.025484,320
label_quality_first_selection,7,0.533854,0.023843,0.529633,0.003635,0.545142,0.023855,0.417591,0.0011,0.333232,0.001094,0.066893,0.002954,0.09953,0.002538,0.038956,0.001085,0.149508,0.000381,0.230471,0.000218,0.140899,0.000223,0.033693,0.000532,0.06165,0.001345,0.036046,0.00066,0.039692,0.00041,0.161018,0.005176,0.294673,0.024993,320
label_quality_first_selection,8,0.535417,0.021436,0.530727,0.00358,0.547024,0.021424,0.417786,0.001054,0.33369,0.001189,0.066274,0.002968,0.09941,0.002593,0.039261,0.001102,0.150007,0.000376,0.230471,0.000218,0.140899,0.000223,0.033791,0.000547,0.061467,0.001347,0.036198,0.000685,0.039727,0.0004,0.160462,0.005245,0.293304,0.023976,320
label_quality_first_selection,9,0.529167,0.022913,0.530558,0.003646,0.54068,0.02301,0.417254,0.001213,0.332206,0.001141,0.066429,0.003012,0.09957,0.002576,0.038822,0.001094,0.14933,0.000411,0.230471,0.000218,0.140899,0.000223,0.033313,0.00055,0.061529,0.00133,0.036097,0.000702,0.039994,0.00043,0.160518,0.005277,0.286776,0.025242,320
domain_mix_robust_selection,0,0.544271,0.023099,0.554674,0.00321,0.570331,0.023063,0.499185,0.001094,0.404865,0.001147,0.06091,0.002493,0.086638,0.002097,0.039419,0.001073,0.148516,0.000368,0.243553,0.000218,0.16258,0.00039,0.043503,0.001168,0.053173,0.001078,0.049312,0.001093,0.034766,0.000372,0.145598,0.004423,0.276166,0.02447,320
domain_mix_robust_selection,1,0.546354,0.021158,0.554565,0.003137,0.573167,0.021238,0.498814,0.001111,0.405921,0.001152,0.061198,0.002517,0.086805,0.002071,0.039592,0.001079,0.148786,0.000378,0.243553,0.000218,0.16258,0.00039,0.04336,0.001165,0.053173,0.001127,0.048968,0.001077,0.034667,0.000375,0.146099,0.004419,0.270118,0.023565,320
domain_mix_robust_selection,2,0.558854,0.022519,0.554238,0.003204,0.585015,0.022368,0.499572,0.001147,0.406365,0.00123,0.061116,0.002465,0.087062,0.002055,0.039507,0.001096,0.149064,0.000373,0.243553,0.000218,0.16258,0.00039,0.043167,0.001158,0.052995,0.001132,0.049366,0.001055,0.034904,0.000374,0.146166,0.004359,0.253398,0.022596,320
domain_mix_robust_selection,3,0.564063,0.02144,0.554469,0.003205,0.59024,0.02132,0.499095,0.001044,0.405749,0.001161,0.061372,0.002493,0.086854,0.002066,0.039566,0.001077,0.148961,0.000363,0.243553,0.000218,0.16258,0.00039,0.04333,0.001157,0.053326,0.001101,0.049184,0.001085,0.034818,0.000391,0.146296,0.004395,0.249663,0.023505,320
domain_mix_robust_selection,4,0.564583,0.022165,0.554642,0.003252,0.590703,0.022081,0.498556,0.001052,0.405793,0.00114,0.060928,0.002525,0.087445,0.002109,0.039482,0.001083,0.148911,0.000363,0.243553,0.000218,0.16258,0.00039,0.043384,0.001158,0.052982,0.001138,0.04934,0.001113,0.034793,0.000359,0.146252,0.004457,0.252663,0.023372,320
domain_mix_robust_selection,5,0.559896,0.023664,0.554564,0.003215,0.585373,0.023548,0.49917,0.001168,0.406088,0.001242,0.061145,0.00248,0.087152,0.002061,0.039608,0.001062,0.14884,0.000396,0.243553,0.000218,0.16258,0.00039,0.043352,0.001151,0.053268,0.001111,0.049121,0.001061,0.034886,0.000396,0.146313,0.004372,0.255629,0.023557,320
domain_mix_robust_selection,6,0.564583,0.023581,0.55382,0.003245,0.590506,0.023472,0.498245,0.001083,0.405175,0.001228,0.061194,0.002502,0.086623,0.002094,0.039188,0.001116,0.148906,0.000357,0.243553,0.000218,0.16258,0.00039,0.04323,0.00116,0.053209,0.001128,0.049297,0.001087,0.034765,0.00037,0.145754,0.004442,0.253864,0.023992,320
domain_mix_robust_selection,7,0.549479,0.02209,0.554302,0.003197,0.575252,0.022018,0.499298,0.001148,0.405435,0.001207,0.061151,0.002514,0.086711,0.002113,0.039227,0.001105,0.148824,0.000383,0.243553,0.000218,0.16258,0.00039,0.043243,0.001189,0.053341,0.001139,0.04937,0.001048,0.034899,0.000361,0.145797,0.00447,0.263155,0.023029,320
domain_mix_robust_selection,8,0.561458,0.023371,0.554415,0.003206,0.587213,0.023276,0.498306,0.001049,0.405869,0.001227,0.061166,0.002473,0.086432,0.002101,0.039288,0.001087,0.148684,0.000368,0.243553,0.000218,0.16258,0.00039,0.042903,0.001174,0.053233,0.001115,0.04912,0.001065,0.034925,0.00038,0.145634,0.004412,0.262189,0.023881,320
domain_mix_robust_selection,9,0.564063,0.022206,0.554153,0.003199,0.589997,0.022024,0.498885,0.001082,0.40625,0.001192,0.061216,0.002487,0.08673,0.002076,0.039325,0.001083,0.148422,0.000389,0.243553,0.000218,0.16258,0.00039,0.043398,0.00113,0.053066,0.001111,0.049307,0.001083,0.034758,0.000381,0.145927,0.004402,0.249445,0.022803,320
causal_feature_coverage_selection,0,0.570833,0.022265,0.570014,0.002921,0.608182,0.022135,0.543419,0.001108,0.44374,0.001187,0.049638,0.002122,0.078461,0.0018,0.037263,0.000988,0.141402,0.000364,0.244743,0.000218,0.163811,0.00036,0.041685,0.001035,0.053815,0.001116,0.047146,0.001025,0.035002,0.000346,0.127115,0.003791,0.236608,0.022853,320
causal_feature_coverage_selection,1,0.554688,0.022226,0.569626,0.002875,0.592136,0.022078,0.54214,0.001153,0.444379,0.001151,0.049941,0.002137,0.078557,0.001774,0.037208,0.000991,0.141453,0.000398,0.244743,0.000218,0.163811,0.00036,0.041479,0.001054,0.053765,0.001099,0.046847,0.000977,0.034997,0.000354,0.127463,0.003777,0.250983,0.02382,320
causal_feature_coverage_selection,2,0.580729,0.023043,0.569265,0.002885,0.617551,0.022841,0.541778,0.001136,0.443932,0.00119,0.049235,0.002089,0.078781,0.001786,0.037031,0.000976,0.14149,0.000374,0.244743,0.000218,0.163811,0.00036,0.041601,0.001067,0.053603,0.001053,0.047194,0.000986,0.034984,0.000354,0.126837,0.003742,0.231039,0.022873,320
causal_feature_coverage_selection,3,0.581771,0.021299,0.569989,0.002976,0.61869,0.021063,0.542424,0.001084,0.444196,0.001255,0.049447,0.002107,0.07924,0.001795,0.037272,0.000982,0.1415,0.000395,0.244743,0.000218,0.163811,0.00036,0.041562,0.001055,0.053507,0.001064,0.047091,0.000946,0.034895,0.000354,0.127512,0.003765,0.220909,0.021707,320
causal_feature_coverage_selection,4,0.576562,0.023258,0.569631,0.002988,0.613704,0.023199,0.542898,0.001212,0.442572,0.001205,0.049396,0.002108,0.078501,0.001824,0.036992,0.000973,0.141612,0.000368,0.244743,0.000218,0.163811,0.00036,0.041915,0.001047,0.053575,0.001123,0.047111,0.001011,0.034884,0.000361,0.126768,0.003794,0.245296,0.02389,320
causal_feature_coverage_selection,5,0.559896,0.021873,0.569339,0.002919,0.597436,0.021815,0.542077,0.001094,0.4428,0.001139,0.049693,0.002099,0.07846,0.001811,0.037158,0.000985,0.141416,0.000396,0.244743,0.000218,0.163811,0.00036,0.041477,0.001023,0.053769,0.001091,0.047156,0.001005,0.034857,0.000363,0.127116,0.003761,0.241363,0.02345,320
causal_feature_coverage_selection,6,0.572917,0.022042,0.569749,0.002927,0.609743,0.02183,0.543222,0.001155,0.444217,0.001205,0.049543,0.002177,0.079073,0.001827,0.03701,0.000979,0.14191,0.000381,0.244743,0.000218,0.163811,0.00036,0.041576,0.001058,0.053662,0.001097,0.047034,0.000998,0.034867,0.000359,0.127353,0.003865,0.235498,0.023113,320
causal_feature_coverage_selection,7,0.581771,0.021495,0.569684,0.002915,0.618793,0.021238,0.542191,0.001151,0.443989,0.001337,0.049244,0.002136,0.078334,0.001784,0.03739,0.001001,0.141579,0.00037,0.244743,0.000218,0.163811,0.00036,0.041394,0.00103,0.053615,0.001124,0.047237,0.000998,0.035101,0.000366,0.126689,0.003787,0.228362,0.022075,320
causal_feature_coverage_selection,8,0.565625,0.021698,0.569393,0.002932,0.603097,0.021603,0.542579,0.00107,0.442731,0.001156,0.049268,0.002076,0.078485,0.001815,0.037194,0.000973,0.141424,0.000415,0.244743,0.000218,0.163811,0.00036,0.04156,0.001071,0.053677,0.001038,0.046976,0.000991,0.035126,0.00036,0.126729,0.003741,0.242553,0.022351,320
causal_feature_coverage_selection,9,0.580208,0.023042,0.569968,0.002905,0.61651,0.022758,0.542727,0.00106,0.442165,0.001177,0.049595,0.002152,0.078626,0.00177,0.037311,0.000988,0.141605,0.000378,0.244743,0.000218,0.163811,0.00036,0.041682,0.001044,0.053851,0.001096,0.047043,0.001042,0.034856,0.000357,0.12722,0.003793,0.22617,0.02334,320
proposed_mechanism_coverage_audit_v4,0,0.578646,0.020081,0.593348,0.002544,0.631819,0.01982,0.596112,0.001152,0.495196,0.001162,0.036336,0.001711,0.06828,0.001399,0.034838,0.000871,0.123817,0.00037,0.231206,0.000218,0.151303,0.000347,0.04111,0.000987,0.05236,0.001048,0.045888,0.000947,0.033386,0.000322,0.104965,0.003023,0.218667,0.020767,320
proposed_mechanism_coverage_audit_v4,1,0.578646,0.023084,0.594138,0.002541,0.630369,0.02249,0.596576,0.001131,0.495913,0.001158,0.036314,0.00177,0.068154,0.001447,0.034984,0.00087,0.12392,0.00035,0.231206,0.000218,0.151303,0.000347,0.040809,0.001002,0.052432,0.001063,0.045846,0.000947,0.033332,0.000349,0.104921,0.003123,0.224009,0.022039,320
proposed_mechanism_coverage_audit_v4,2,0.564583,0.021052,0.593909,0.002544,0.617918,0.02083,0.596274,0.001124,0.495207,0.001093,0.036492,0.001688,0.068336,0.001434,0.034576,0.000878,0.124,0.00042,0.231206,0.000218,0.151303,0.000347,0.040786,0.000968,0.052159,0.00104,0.045798,0.000916,0.033408,0.000313,0.105032,0.003019,0.230001,0.022869,320
proposed_mechanism_coverage_audit_v4,3,0.571354,0.023323,0.593935,0.002641,0.624142,0.022999,0.59601,0.00111,0.496254,0.001123,0.03652,0.001718,0.068052,0.001404,0.034716,0.000887,0.123752,0.000366,0.231206,0.000218,0.151303,0.000347,0.041037,0.001019,0.052306,0.001055,0.046081,0.00094,0.033411,0.000339,0.104917,0.003046,0.225048,0.022934,320
proposed_mechanism_coverage_audit_v4,4,0.5875,0.022067,0.593749,0.0026,0.639314,0.021444,0.595626,0.001077,0.496337,0.001182,0.036105,0.001726,0.068261,0.001397,0.034619,0.000871,0.123721,0.000377,0.231206,0.000218,0.151303,0.000347,0.040717,0.000984,0.052533,0.001035,0.045856,0.000966,0.033352,0.000325,0.10461,0.003057,0.214921,0.022156,320
proposed_mechanism_coverage_audit_v4,5,0.590104,0.022435,0.593268,0.00256,0.642326,0.022027,0.595484,0.00105,0.496214,0.001185,0.036585,0.00173,0.068163,0.001451,0.035025,0.000885,0.123907,0.000384,0.231206,0.000218,0.151303,0.000347,0.041017,0.000999,0.052249,0.001027,0.04619,0.000922,0.033068,0.000349,0.10522,0.003082,0.209128,0.022029,320
proposed_mechanism_coverage_audit_v4,6,0.586979,0.02295,0.594531,0.002557,0.640406,0.022672,0.596913,0.001075,0.496314,0.001117,0.036443,0.001718,0.067991,0.001399,0.034553,0.000867,0.12388,0.000357,0.231206,0.000218,0.151303,0.000347,0.041142,0.001002,0.052157,0.001043,0.045771,0.000957,0.03333,0.000324,0.104713,0.003035,0.215953,0.0227,320
proposed_mechanism_coverage_audit_v4,7,0.590104,0.022106,0.593516,0.002563,0.641771,0.021455,0.596311,0.001104,0.496532,0.001223,0.036526,0.001718,0.067768,0.001417,0.034939,0.000876,0.123925,0.000355,0.231206,0.000218,0.151303,0.000347,0.040788,0.00103,0.05237,0.000995,0.045505,0.00094,0.03347,0.000326,0.104821,0.003064,0.206347,0.021057,320
proposed_mechanism_coverage_audit_v4,8,0.60625,0.02164,0.593797,0.002591,0.659252,0.021322,0.596442,0.00117,0.496188,0.001174,0.036494,0.001731,0.068062,0.001401,0.034618,0.00092,0.123983,0.000394,0.231206,0.000218,0.151303,0.000347,0.041126,0.001008,0.052342,0.001037,0.045881,0.000942,0.033347,0.000353,0.104849,0.003065,0.195878,0.021642,320
proposed_mechanism_coverage_audit_v4,9,0.598437,0.022339,0.593423,0.002506,0.650728,0.021853,0.596731,0.001064,0.497088,0.001212,0.03652,0.001695,0.067939,0.001378,0.034823,0.000888,0.123714,0.000393,0.231206,0.000218,0.151303,0.000347,0.041046,0.001016,0.052473,0.001041,0.046057,0.000939,0.033329,0.000328,0.104885,0.00299,0.193802,0.020786,320
mechanism_coverage_gap_audit_v5,0,0.659896,0.020815,0.647047,0.001972,0.735434,0.019418,0.684349,0.001115,0.568842,0.001152,0.010234,0.000835,0.051639,0.000828,0.027884,0.000536,0.100412,0.000392,0.192532,0.000218,0.122865,0.000229,0.034678,0.000598,0.042094,0.000601,0.036087,0.000572,0.027354,0.000245,0.062906,0.001509,0.14274,0.01832,320
mechanism_coverage_gap_audit_v5,1,0.663021,0.022091,0.647223,0.001959,0.737967,0.020688,0.684593,0.001141,0.568241,0.001137,0.010385,0.000828,0.051689,0.00088,0.027871,0.000537,0.10096,0.000385,0.192532,0.000218,0.122865,0.000229,0.034565,0.000589,0.042253,0.0006,0.036134,0.000583,0.027433,0.000249,0.063087,0.001571,0.139279,0.018562,320
mechanism_coverage_gap_audit_v5,2,0.655729,0.021632,0.647466,0.002015,0.732601,0.020486,0.684815,0.001091,0.568432,0.00119,0.010437,0.00085,0.051651,0.000845,0.027727,0.000541,0.100913,0.00035,0.192532,0.000218,0.122865,0.000229,0.034485,0.000589,0.042114,0.000642,0.035777,0.000541,0.027472,0.000249,0.063039,0.001539,0.146211,0.019754,320
mechanism_coverage_gap_audit_v5,3,0.635417,0.021171,0.646705,0.001939,0.713018,0.020151,0.683339,0.001071,0.568065,0.001164,0.011059,0.000865,0.051907,0.00087,0.027605,0.000568,0.100666,0.000352,0.192532,0.000218,0.122865,0.000229,0.0348,0.000579,0.042005,0.000607,0.036022,0.00059,0.027449,0.000256,0.063792,0.001598,0.150534,0.018946,320
mechanism_coverage_gap_audit_v5,4,0.655729,0.02049,0.646573,0.001987,0.733234,0.01944,0.684879,0.001031,0.568116,0.001226,0.010535,0.000858,0.051846,0.000841,0.028106,0.00055,0.100616,0.000377,0.192532,0.000218,0.122865,0.000229,0.034817,0.000598,0.04236,0.000619,0.036125,0.000591,0.027401,0.000257,0.063472,0.001563,0.143179,0.017868,320
mechanism_coverage_gap_audit_v5,5,0.650521,0.020753,0.647733,0.00203,0.728642,0.019819,0.685068,0.001175,0.568857,0.001216,0.010487,0.000852,0.051766,0.000872,0.028149,0.000562,0.100703,0.000367,0.192532,0.000218,0.122865,0.000229,0.034623,0.000608,0.042307,0.000595,0.036175,0.000583,0.027477,0.000253,0.063386,0.001585,0.137328,0.018353,320
mechanism_coverage_gap_audit_v5,6,0.647396,0.022041,0.647459,0.001959,0.722913,0.020668,0.68477,0.001094,0.568848,0.001179,0.010792,0.000842,0.051931,0.000878,0.028077,0.000531,0.100829,0.000373,0.192532,0.000218,0.122865,0.000229,0.034793,0.000601,0.042066,0.0006,0.036003,0.000576,0.027414,0.000259,0.063779,0.001577,0.151393,0.01883,320
mechanism_coverage_gap_audit_v5,7,0.66875,0.021348,0.647106,0.001961,0.745447,0.020178,0.685287,0.001107,0.568318,0.001225,0.010454,0.000887,0.051335,0.000849,0.028019,0.00055,0.100375,0.000404,0.192532,0.000218,0.122865,0.000229,0.035039,0.000612,0.042222,0.000607,0.036121,0.000593,0.027344,0.000253,0.062965,0.001592,0.131406,0.017713,320
mechanism_coverage_gap_audit_v5,8,0.644792,0.021115,0.646659,0.002047,0.722593,0.020109,0.683997,0.001098,0.567929,0.001196,0.010535,0.000835,0.051682,0.000856,0.027968,0.000552,0.100787,0.000396,0.192532,0.000218,0.122865,0.000229,0.034635,0.000569,0.042292,0.000614,0.036024,0.000577,0.027336,0.000255,0.06328,0.001538,0.151647,0.018915,320
mechanism_coverage_gap_audit_v5,9,0.625,0.020601,0.647268,0.002038,0.702523,0.019465,0.684216,0.001076,0.568391,0.001197,0.010597,0.000875,0.051588,0.000908,0.028104,0.000567,0.100488,0.000378,0.192532,0.000218,0.122865,0.000229,0.034772,0.000597,0.041887,0.000599,0.035974,0.000602,0.027255,0.000271,0.063341,0.001639,0.151759,0.018888,320
oracle_mechanism_labeled_selector,0,0.739583,0.019634,0.729812,0.001617,0.821708,0.017255,0.735486,0.001127,0.617501,0.001183,0.000207,9.4e-05,0.039186,0.000534,0.023019,0.000376,0.085952,0.000359,0.183859,0.000218,0.116196,0.000175,0.031188,0.000413,0.035755,0.000391,0.030127,0.000407,0.02388,0.000217,0.041106,0.000509,0.0,0.0,320
oracle_mechanism_labeled_selector,1,0.733854,0.020165,0.729555,0.001602,0.816479,0.017877,0.735365,0.001134,0.616181,0.001161,0.000172,9.6e-05,0.039586,0.000537,0.023127,0.000359,0.086011,0.000368,0.183859,0.000218,0.116196,0.000175,0.031286,0.000424,0.035679,0.000413,0.030608,0.000395,0.023858,0.000218,0.041425,0.000498,0.0,0.0,320
oracle_mechanism_labeled_selector,2,0.724479,0.019786,0.729483,0.001606,0.809772,0.017811,0.734566,0.001065,0.615562,0.001193,0.000223,9.8e-05,0.039211,0.000488,0.02328,0.00037,0.085937,0.000346,0.183859,0.000218,0.116196,0.000175,0.031341,0.000426,0.035987,0.000409,0.030449,0.000411,0.023849,0.000221,0.041271,0.000463,0.0,0.0,320
oracle_mechanism_labeled_selector,3,0.723958,0.021742,0.730168,0.001711,0.804682,0.019305,0.735454,0.001098,0.616605,0.00118,0.000258,0.000148,0.03954,0.000522,0.023199,0.000379,0.085841,0.000367,0.183859,0.000218,0.116196,0.000175,0.031285,0.000406,0.0358,0.000421,0.030577,0.000408,0.023899,0.000217,0.041512,0.000548,0.0,0.0,320
oracle_mechanism_labeled_selector,4,0.7375,0.019351,0.729694,0.001663,0.819715,0.016942,0.735312,0.001133,0.615317,0.001193,0.000246,0.000119,0.039469,0.000506,0.022994,0.000395,0.085873,0.000371,0.183859,0.000218,0.116196,0.000175,0.031217,0.000434,0.035508,0.000414,0.030194,0.00039,0.023859,0.000223,0.041345,0.000525,0.0,0.0,320
oracle_mechanism_labeled_selector,5,0.720833,0.018523,0.730154,0.001667,0.808813,0.016773,0.736053,0.001187,0.617235,0.001194,0.000202,0.000102,0.039506,0.000518,0.023239,0.000367,0.085978,0.000409,0.183859,0.000218,0.116196,0.000175,0.031378,0.000416,0.035919,0.000393,0.03013,0.000385,0.024012,0.000229,0.041451,0.000493,0.0,0.0,320
oracle_mechanism_labeled_selector,6,0.729688,0.019433,0.729336,0.001698,0.814729,0.017354,0.737204,0.001054,0.616368,0.001114,0.000173,8.9e-05,0.039221,0.000517,0.023092,0.000347,0.085661,0.000359,0.183859,0.000218,0.116196,0.000175,0.030783,0.0004,0.035793,0.000418,0.030474,0.000423,0.02394,0.00022,0.041135,0.000485,0.0,0.0,320
oracle_mechanism_labeled_selector,7,0.728646,0.020211,0.730159,0.001627,0.812323,0.018012,0.735197,0.001106,0.616905,0.001195,0.000277,0.000125,0.038882,0.000512,0.023041,0.000382,0.085698,0.000403,0.183859,0.000218,0.116196,0.000175,0.031192,0.000399,0.035876,0.000415,0.030279,0.000392,0.024159,0.000212,0.040959,0.000515,0.0,0.0,320
oracle_mechanism_labeled_selector,8,0.738021,0.019676,0.73027,0.001691,0.820342,0.017324,0.735262,0.001139,0.617238,0.001254,0.000271,0.000132,0.039267,0.000531,0.023435,0.000386,0.085747,0.000364,0.183859,0.000218,0.116196,0.000175,0.031085,0.000391,0.035725,0.000406,0.030117,0.000423,0.024069,0.000231,0.041439,0.00054,0.0,0.0,320
oracle_mechanism_labeled_selector,9,0.717708,0.018797,0.729071,0.001699,0.805225,0.01702,0.735378,0.001122,0.616755,0.001177,0.000311,0.000147,0.039622,0.000512,0.023167,0.000357,0.086023,0.00037,0.183859,0.000218,0.116196,0.000175,0.031063,0.000397,0.035847,0.000386,0.030626,0.00041,0.024046,0.00023,0.041612,0.000517,0.0,0.0,320
