method,split,seed,success,success_ci95,mechanism_recall,mechanism_recall_ci95,coverage_false_negative,coverage_false_negative_ci95,tail_failure,tail_failure_ci95,redundancy_rate,redundancy_rate_ci95,selection_cost,selection_cost_ci95,data_efficiency_proxy,data_efficiency_proxy_ci95,groups,regret_to_oracle
trajectory_count_selection,nominal,0,0.5068,0.0268,0.2331,0.004,0.1186,0.0125,0.1235,0.01,0.2124,0.0013,0.0973,0.0,0.26,0.0027,35,0.2537
trajectory_count_selection,nominal,1,0.5197,0.0194,0.2349,0.0031,0.1181,0.012,0.1247,0.0097,0.2135,0.0013,0.0973,0.0,0.2564,0.0032,35,0.2354
trajectory_count_selection,nominal,2,0.5007,0.0215,0.2287,0.0036,0.1169,0.0123,0.125,0.0097,0.2126,0.0012,0.0973,0.0,0.2571,0.0026,35,0.2374
trajectory_count_selection,nominal,3,0.5143,0.023,0.2297,0.0034,0.1189,0.0124,0.1242,0.01,0.2121,0.0013,0.0973,0.0,0.2551,0.0024,35,0.2398
trajectory_count_selection,nominal,4,0.5156,0.0203,0.2303,0.0034,0.1192,0.012,0.1254,0.0098,0.213,0.0013,0.0973,0.0,0.2586,0.0033,35,0.2245
trajectory_count_selection,nominal,5,0.5143,0.0224,0.2329,0.0035,0.1187,0.012,0.1248,0.0101,0.2132,0.0014,0.0973,0.0,0.2584,0.0025,35,0.2357
trajectory_count_selection,nominal,6,0.484,0.0223,0.2329,0.0032,0.1154,0.0123,0.1246,0.0097,0.2124,0.0014,0.0973,0.0,0.2593,0.0024,35,0.2575
trajectory_count_selection,seen_task_shift,0,0.4728,0.0193,0.2199,0.0031,0.1357,0.0154,0.1458,0.0124,0.2191,0.0014,0.1057,0.0,0.2468,0.0025,35,0.2412
trajectory_count_selection,seen_task_shift,1,0.4595,0.0236,0.2222,0.0036,0.1354,0.0153,0.1479,0.0123,0.2198,0.0012,0.1057,0.0,0.2494,0.0028,35,0.2653
trajectory_count_selection,seen_task_shift,2,0.4816,0.0283,0.2187,0.0039,0.134,0.0144,0.145,0.0123,0.2197,0.0014,0.1057,0.0,0.2474,0.003,35,0.2483
trajectory_count_selection,seen_task_shift,3,0.4663,0.0219,0.2209,0.0041,0.1341,0.0149,0.1444,0.0127,0.2183,0.0011,0.1057,0.0,0.2435,0.0028,35,0.2469
trajectory_count_selection,seen_task_shift,4,0.4548,0.0245,0.2206,0.0035,0.135,0.0149,0.1467,0.0122,0.2205,0.0017,0.1057,0.0,0.2493,0.0024,35,0.2588
trajectory_count_selection,seen_task_shift,5,0.4673,0.022,0.2214,0.0035,0.1358,0.0142,0.147,0.0124,0.2192,0.0011,0.1057,0.0,0.2455,0.0029,35,0.2524
trajectory_count_selection,seen_task_shift,6,0.4711,0.0207,0.2207,0.0035,0.1349,0.0152,0.146,0.0121,0.22,0.0015,0.1057,0.0,0.2477,0.0027,35,0.2463
trajectory_count_selection,unseen_object_shift,0,0.4503,0.0242,0.2144,0.0035,0.1518,0.0179,0.1542,0.0135,0.2231,0.0012,0.1108,0.0,0.2401,0.0026,35,0.2663
trajectory_count_selection,unseen_object_shift,1,0.4503,0.0245,0.2145,0.0029,0.1513,0.0179,0.153,0.0133,0.2224,0.0012,0.1108,0.0,0.2391,0.0021,35,0.2595
trajectory_count_selection,unseen_object_shift,2,0.4262,0.0244,0.2137,0.0026,0.1508,0.0177,0.1536,0.0138,0.2237,0.0011,0.1108,0.0,0.2403,0.0028,35,0.2493
trajectory_count_selection,unseen_object_shift,3,0.4405,0.0304,0.2139,0.003,0.1522,0.0179,0.1553,0.0135,0.2243,0.0013,0.1108,0.0,0.2422,0.0027,35,0.2622
trajectory_count_selection,unseen_object_shift,4,0.4388,0.0251,0.2162,0.0035,0.1504,0.0181,0.1543,0.0135,0.2237,0.0013,0.1108,0.0,0.2388,0.0031,35,0.2697
trajectory_count_selection,unseen_object_shift,5,0.4316,0.023,0.2141,0.0032,0.1524,0.018,0.155,0.0139,0.2217,0.0014,0.1108,0.0,0.2404,0.0032,35,0.2701
trajectory_count_selection,unseen_object_shift,6,0.4327,0.0243,0.215,0.0035,0.1524,0.0179,0.1546,0.0135,0.223,0.0013,0.1108,0.0,0.2418,0.0025,35,0.248
trajectory_count_selection,unseen_mechanism_shift,0,0.4167,0.0256,0.1879,0.0033,0.1769,0.0212,0.1643,0.0145,0.2262,0.0013,0.1146,0.0,0.2335,0.0024,35,0.2888
trajectory_count_selection,unseen_mechanism_shift,1,0.4139,0.0207,0.1892,0.0036,0.1755,0.0212,0.1648,0.0146,0.2265,0.0013,0.1146,0.0,0.2364,0.0026,35,0.2844
trajectory_count_selection,unseen_mechanism_shift,2,0.4296,0.0257,0.185,0.0033,0.1774,0.0213,0.1654,0.015,0.2263,0.0014,0.1146,0.0,0.2362,0.0026,35,0.2476
trajectory_count_selection,unseen_mechanism_shift,3,0.4207,0.0264,0.1908,0.0026,0.1781,0.0208,0.164,0.0149,0.227,0.0013,0.1146,0.0,0.2337,0.0025,35,0.2582
trajectory_count_selection,unseen_mechanism_shift,4,0.4105,0.03,0.1871,0.0026,0.1784,0.0207,0.1651,0.0144,0.2243,0.0015,0.1146,0.0,0.2348,0.0026,35,0.2871
trajectory_count_selection,unseen_mechanism_shift,5,0.4116,0.0203,0.1874,0.0033,0.1781,0.0212,0.1668,0.0149,0.226,0.0014,0.1146,0.0,0.2356,0.0029,35,0.2663
trajectory_count_selection,unseen_mechanism_shift,6,0.4017,0.0276,0.1862,0.0035,0.1764,0.0211,0.1636,0.0155,0.2254,0.0013,0.1146,0.0,0.2349,0.0031,35,0.283
trajectory_count_selection,combined_stress,0,0.3871,0.0254,0.1875,0.0032,0.184,0.0223,0.1833,0.0169,0.2324,0.0013,0.1217,0.0,0.2288,0.0034,35,0.2663
trajectory_count_selection,combined_stress,1,0.3765,0.0271,0.1883,0.0033,0.1834,0.0229,0.1823,0.0164,0.2307,0.0015,0.1217,0.0,0.2272,0.002,35,0.2922
trajectory_count_selection,combined_stress,2,0.3793,0.0256,0.1887,0.0033,0.1842,0.0225,0.1814,0.0169,0.2309,0.0012,0.1217,0.0,0.2275,0.0024,35,0.2813
trajectory_count_selection,combined_stress,3,0.3949,0.0279,0.1861,0.0037,0.1846,0.0229,0.1817,0.0165,0.2326,0.0015,0.1217,0.0,0.2264,0.0023,35,0.2796
trajectory_count_selection,combined_stress,4,0.3759,0.0277,0.1863,0.0031,0.184,0.0222,0.1819,0.0168,0.2316,0.0012,0.1217,0.0,0.2269,0.0026,35,0.2939
trajectory_count_selection,combined_stress,5,0.3752,0.0293,0.185,0.0032,0.1842,0.0228,0.1819,0.0168,0.2325,0.0012,0.1217,0.0,0.2241,0.0024,35,0.298
trajectory_count_selection,combined_stress,6,0.3704,0.0317,0.1882,0.0036,0.1854,0.0224,0.1816,0.017,0.2329,0.0013,0.1217,0.0,0.226,0.0025,35,0.2874
task_count_selection,nominal,0,0.5398,0.0183,0.2846,0.0036,0.1081,0.0113,0.118,0.0086,0.2042,0.0011,0.1311,0.0,0.3075,0.003,35,0.2207
task_count_selection,nominal,1,0.5306,0.0183,0.2863,0.0033,0.1092,0.011,0.1189,0.009,0.2051,0.0013,0.1311,0.0,0.3095,0.0025,35,0.2245
task_count_selection,nominal,2,0.5442,0.0221,0.284,0.0036,0.11,0.011,0.1182,0.0093,0.2044,0.0011,0.1311,0.0,0.3096,0.0023,35,0.1939
task_count_selection,nominal,3,0.5129,0.0174,0.2813,0.0033,0.1095,0.0109,0.1203,0.0089,0.2037,0.0014,0.1311,0.0,0.3101,0.0026,35,0.2412
task_count_selection,nominal,4,0.533,0.0247,0.2812,0.0039,0.1075,0.0115,0.1183,0.0093,0.2044,0.0012,0.1311,0.0,0.3056,0.0029,35,0.2071
task_count_selection,nominal,5,0.5248,0.0205,0.2857,0.0028,0.1082,0.0113,0.1186,0.0094,0.2041,0.0012,0.1311,0.0,0.3096,0.0026,35,0.2252
task_count_selection,nominal,6,0.5197,0.0146,0.2864,0.0029,0.1083,0.0112,0.119,0.0094,0.2038,0.0012,0.1311,0.0,0.3084,0.0029,35,0.2218
task_count_selection,seen_task_shift,0,0.4837,0.0268,0.2734,0.0035,0.1246,0.0136,0.1378,0.0116,0.2103,0.0013,0.1395,0.0,0.3002,0.0027,35,0.2303
task_count_selection,seen_task_shift,1,0.5024,0.0221,0.273,0.0036,0.1256,0.0136,0.1379,0.0119,0.2099,0.0011,0.1395,0.0,0.3004,0.0024,35,0.2224
task_count_selection,seen_task_shift,2,0.4786,0.0219,0.2742,0.0031,0.1246,0.0135,0.1377,0.0118,0.2093,0.0009,0.1395,0.0,0.2991,0.0022,35,0.2514
task_count_selection,seen_task_shift,3,0.4976,0.0241,0.2767,0.004,0.1256,0.0136,0.1395,0.0114,0.2094,0.0012,0.1395,0.0,0.2975,0.0023,35,0.2156
task_count_selection,seen_task_shift,4,0.484,0.0215,0.2758,0.0032,0.1253,0.0137,0.1383,0.0115,0.2109,0.0013,0.1395,0.0,0.2982,0.0034,35,0.2296
task_count_selection,seen_task_shift,5,0.4969,0.0217,0.2705,0.0029,0.1245,0.0133,0.1383,0.0116,0.2105,0.001,0.1395,0.0,0.299,0.0027,35,0.2228
task_count_selection,seen_task_shift,6,0.4939,0.0227,0.2733,0.003,0.1241,0.0138,0.1395,0.0114,0.2105,0.0015,0.1395,0.0,0.2996,0.0028,35,0.2235
task_count_selection,unseen_object_shift,0,0.4612,0.0237,0.262,0.0025,0.1383,0.0164,0.1469,0.0123,0.214,0.0015,0.1446,0.0,0.2909,0.0022,35,0.2554
task_count_selection,unseen_object_shift,1,0.4714,0.023,0.2639,0.0037,0.1377,0.0165,0.1479,0.0125,0.214,0.0014,0.1446,0.0,0.2927,0.002,35,0.2384
task_count_selection,unseen_object_shift,2,0.4616,0.0273,0.2668,0.004,0.1378,0.0164,0.1471,0.0125,0.2139,0.0013,0.1446,0.0,0.2922,0.0028,35,0.2139
task_count_selection,unseen_object_shift,3,0.4656,0.0229,0.2671,0.0032,0.1387,0.0162,0.1458,0.0119,0.2144,0.0013,0.1446,0.0,0.2909,0.0026,35,0.2371
task_count_selection,unseen_object_shift,4,0.4687,0.0225,0.2652,0.0039,0.1388,0.0163,0.1464,0.0126,0.2142,0.0012,0.1446,0.0,0.2898,0.0025,35,0.2398
task_count_selection,unseen_object_shift,5,0.469,0.0218,0.2674,0.0032,0.1399,0.0171,0.1482,0.0123,0.2144,0.0011,0.1446,0.0,0.2929,0.0028,35,0.2327
task_count_selection,unseen_object_shift,6,0.4881,0.0259,0.2645,0.003,0.1393,0.0171,0.1467,0.0121,0.2146,0.0011,0.1446,0.0,0.2906,0.0031,35,0.1925
task_count_selection,unseen_mechanism_shift,0,0.419,0.0237,0.2407,0.0036,0.1609,0.0196,0.1544,0.0139,0.2185,0.0012,0.1484,0.0,0.2862,0.0026,35,0.2864
task_count_selection,unseen_mechanism_shift,1,0.4293,0.0231,0.2387,0.0036,0.1629,0.0192,0.1568,0.0135,0.2179,0.0012,0.1484,0.0,0.287,0.0026,35,0.269
task_count_selection,unseen_mechanism_shift,2,0.451,0.0269,0.2454,0.0038,0.1626,0.0195,0.1561,0.0139,0.2175,0.0013,0.1484,0.0,0.286,0.0023,35,0.2262
task_count_selection,unseen_mechanism_shift,3,0.4194,0.022,0.2389,0.0034,0.1619,0.019,0.1562,0.0132,0.2161,0.0013,0.1484,0.0,0.2853,0.003,35,0.2595
task_count_selection,unseen_mechanism_shift,4,0.4354,0.0238,0.2418,0.003,0.1623,0.0193,0.1565,0.0143,0.2178,0.0014,0.1484,0.0,0.2861,0.0029,35,0.2622
task_count_selection,unseen_mechanism_shift,5,0.4327,0.022,0.2409,0.0027,0.1617,0.0192,0.1567,0.0138,0.2163,0.0013,0.1484,0.0,0.2873,0.0025,35,0.2452
task_count_selection,unseen_mechanism_shift,6,0.4405,0.0229,0.2403,0.003,0.1628,0.0189,0.1545,0.0133,0.217,0.0012,0.1484,0.0,0.29,0.0026,35,0.2442
task_count_selection,combined_stress,0,0.4119,0.0264,0.2405,0.0028,0.1692,0.021,0.1725,0.0146,0.224,0.0014,0.1555,0.0,0.2776,0.0023,35,0.2415
task_count_selection,combined_stress,1,0.418,0.0297,0.2383,0.0027,0.17,0.021,0.1719,0.0156,0.2218,0.0015,0.1555,0.0,0.2774,0.0026,35,0.2507
task_count_selection,combined_stress,2,0.4116,0.025,0.2398,0.0036,0.1687,0.0208,0.1711,0.0155,0.223,0.0014,0.1555,0.0,0.2776,0.0028,35,0.249
task_count_selection,combined_stress,3,0.4078,0.0238,0.2359,0.003,0.1694,0.0203,0.1711,0.0153,0.2233,0.0012,0.1555,0.0,0.2799,0.0025,35,0.2667
task_count_selection,combined_stress,4,0.4119,0.0304,0.2365,0.0036,0.1681,0.0205,0.1724,0.0155,0.2231,0.0013,0.1555,0.0,0.28,0.0023,35,0.2578
task_count_selection,combined_stress,5,0.4061,0.0228,0.2377,0.0035,0.1687,0.0202,0.1708,0.015,0.2235,0.0011,0.1555,0.0,0.2755,0.0026,35,0.267
task_count_selection,combined_stress,6,0.4167,0.0262,0.2375,0.003,0.1696,0.0212,0.1732,0.0155,0.223,0.001,0.1555,0.0,0.278,0.0025,35,0.2412
embodiment_count_selection,nominal,0,0.5582,0.0263,0.3082,0.0033,0.1036,0.0105,0.1157,0.0084,0.2008,0.0012,0.148,0.0,0.334,0.0026,35,0.2024
embodiment_count_selection,nominal,1,0.549,0.0217,0.3107,0.0035,0.1034,0.0106,0.1158,0.009,0.2001,0.0013,0.148,0.0,0.3386,0.0022,35,0.2061
embodiment_count_selection,nominal,2,0.5429,0.0175,0.3072,0.0034,0.1021,0.0105,0.1148,0.009,0.1999,0.0014,0.148,0.0,0.338,0.0023,35,0.1952
embodiment_count_selection,nominal,3,0.5463,0.0208,0.3111,0.0034,0.1021,0.0107,0.116,0.0087,0.2,0.0012,0.148,0.0,0.3358,0.0029,35,0.2078
embodiment_count_selection,nominal,4,0.5415,0.0203,0.3102,0.0033,0.1036,0.0109,0.1146,0.0087,0.1993,0.0013,0.148,0.0,0.3374,0.0025,35,0.1986
embodiment_count_selection,nominal,5,0.5197,0.0237,0.3105,0.0034,0.1047,0.0105,0.1163,0.0086,0.2004,0.0013,0.148,0.0,0.3383,0.0025,35,0.2303
embodiment_count_selection,nominal,6,0.5391,0.0206,0.3101,0.003,0.1034,0.0109,0.1154,0.0087,0.2,0.0016,0.148,0.0,0.3394,0.0027,35,0.2024
embodiment_count_selection,seen_task_shift,0,0.501,0.0227,0.304,0.0036,0.1193,0.0131,0.1335,0.011,0.207,0.0012,0.1563,0.0,0.326,0.0026,35,0.2129
embodiment_count_selection,seen_task_shift,1,0.4956,0.0223,0.3007,0.0036,0.1176,0.0129,0.1361,0.0111,0.2071,0.0014,0.1563,0.0,0.327,0.0029,35,0.2293
embodiment_count_selection,seen_task_shift,2,0.5071,0.0225,0.2976,0.0031,0.1187,0.0129,0.1348,0.0114,0.2057,0.001,0.1563,0.0,0.3255,0.0026,35,0.2228
embodiment_count_selection,seen_task_shift,3,0.5031,0.0218,0.2982,0.0038,0.119,0.0129,0.1347,0.011,0.2055,0.0013,0.1563,0.0,0.3269,0.0026,35,0.2102
embodiment_count_selection,seen_task_shift,4,0.5003,0.0248,0.2973,0.003,0.1185,0.0129,0.1341,0.0111,0.2057,0.0014,0.1563,0.0,0.3281,0.003,35,0.2133
embodiment_count_selection,seen_task_shift,5,0.5034,0.0222,0.2984,0.0031,0.1191,0.0139,0.1336,0.0113,0.206,0.0013,0.1563,0.0,0.3293,0.0023,35,0.2163
embodiment_count_selection,seen_task_shift,6,0.5071,0.0243,0.2973,0.0036,0.1193,0.0134,0.134,0.0114,0.2079,0.0013,0.1563,0.0,0.3268,0.0023,35,0.2102
embodiment_count_selection,unseen_object_shift,0,0.484,0.0248,0.2934,0.0028,0.1329,0.0151,0.1405,0.0114,0.2105,0.0017,0.1615,0.0,0.318,0.0025,35,0.2327
embodiment_count_selection,unseen_object_shift,1,0.4816,0.0232,0.2897,0.0033,0.1328,0.0155,0.143,0.012,0.21,0.0011,0.1615,0.0,0.3207,0.0028,35,0.2282
embodiment_count_selection,unseen_object_shift,2,0.4905,0.0257,0.2904,0.0029,0.1324,0.0153,0.1414,0.0118,0.2114,0.0013,0.1615,0.0,0.3204,0.0024,35,0.185
embodiment_count_selection,unseen_object_shift,3,0.4755,0.0223,0.2905,0.0031,0.1319,0.0159,0.1422,0.0121,0.2103,0.0013,0.1615,0.0,0.3181,0.0023,35,0.2272
embodiment_count_selection,unseen_object_shift,4,0.4864,0.0231,0.2923,0.0031,0.1313,0.016,0.1414,0.0121,0.2103,0.001,0.1615,0.0,0.3203,0.0024,35,0.2221
embodiment_count_selection,unseen_object_shift,5,0.4762,0.0229,0.2927,0.0028,0.1323,0.016,0.1427,0.0125,0.2111,0.0014,0.1615,0.0,0.3215,0.003,35,0.2255
embodiment_count_selection,unseen_object_shift,6,0.4912,0.0259,0.2899,0.0037,0.132,0.0161,0.1407,0.0116,0.2112,0.0012,0.1615,0.0,0.3206,0.0026,35,0.1895
embodiment_count_selection,unseen_mechanism_shift,0,0.4599,0.0299,0.2685,0.0032,0.1544,0.0184,0.1502,0.0132,0.2133,0.0012,0.1653,0.0,0.3143,0.0023,35,0.2456
embodiment_count_selection,unseen_mechanism_shift,1,0.4459,0.0253,0.2688,0.0032,0.1547,0.0182,0.1499,0.0131,0.2144,0.0015,0.1653,0.0,0.3167,0.0026,35,0.2524
embodiment_count_selection,unseen_mechanism_shift,2,0.4575,0.0201,0.2647,0.0037,0.155,0.0185,0.1505,0.013,0.2145,0.0016,0.1653,0.0,0.3136,0.0025,35,0.2197
embodiment_count_selection,unseen_mechanism_shift,3,0.469,0.0249,0.2654,0.0038,0.1533,0.0173,0.1502,0.0129,0.2143,0.0014,0.1653,0.0,0.314,0.0025,35,0.2099
embodiment_count_selection,unseen_mechanism_shift,4,0.4534,0.0246,0.2676,0.0035,0.1552,0.0184,0.1506,0.0135,0.2134,0.0012,0.1653,0.0,0.3143,0.0026,35,0.2442
embodiment_count_selection,unseen_mechanism_shift,5,0.4684,0.0233,0.2669,0.003,0.1555,0.0189,0.1514,0.013,0.2124,0.0014,0.1653,0.0,0.3148,0.0025,35,0.2095
embodiment_count_selection,unseen_mechanism_shift,6,0.4476,0.0295,0.2709,0.0033,0.1555,0.0186,0.1518,0.0132,0.2128,0.0012,0.1653,0.0,0.3152,0.0022,35,0.2371
embodiment_count_selection,combined_stress,0,0.435,0.0252,0.2639,0.003,0.1604,0.0201,0.165,0.0155,0.2191,0.0011,0.1723,0.0,0.3069,0.0027,35,0.2184
embodiment_count_selection,combined_stress,1,0.4228,0.0264,0.2696,0.0035,0.1606,0.0196,0.1651,0.015,0.2176,0.0011,0.1723,0.0,0.3075,0.0027,35,0.2459
embodiment_count_selection,combined_stress,2,0.4344,0.0274,0.2664,0.0033,0.1617,0.0202,0.1659,0.0147,0.2192,0.001,0.1723,0.0,0.3064,0.0024,35,0.2262
embodiment_count_selection,combined_stress,3,0.4031,0.0258,0.2681,0.003,0.1626,0.02,0.167,0.0151,0.2192,0.001,0.1723,0.0,0.3084,0.0027,35,0.2714
embodiment_count_selection,combined_stress,4,0.4398,0.0273,0.2661,0.0035,0.1614,0.0198,0.1659,0.0151,0.2184,0.0014,0.1723,0.0,0.3076,0.0023,35,0.2299
embodiment_count_selection,combined_stress,5,0.4303,0.0238,0.2648,0.0028,0.1609,0.0201,0.1662,0.015,0.2183,0.0015,0.1723,0.0,0.3067,0.0024,35,0.2429
embodiment_count_selection,combined_stress,6,0.4187,0.0282,0.2648,0.0035,0.1607,0.0196,0.1657,0.0146,0.2193,0.0011,0.1723,0.0,0.307,0.0032,35,0.2391
random_balanced_selection,nominal,0,0.5534,0.0214,0.3619,0.0033,0.0944,0.009,0.109,0.0082,0.1759,0.0014,0.168,0.0,0.3953,0.0026,35,0.2071
random_balanced_selection,nominal,1,0.5497,0.0204,0.365,0.0037,0.0959,0.0094,0.1094,0.0083,0.1764,0.0014,0.168,0.0,0.3963,0.0029,35,0.2054
random_balanced_selection,nominal,2,0.5395,0.0206,0.3683,0.0025,0.0944,0.0094,0.1095,0.0081,0.1756,0.0014,0.168,0.0,0.3952,0.0032,35,0.1986
random_balanced_selection,nominal,3,0.5415,0.018,0.3679,0.0034,0.0928,0.0092,0.1096,0.0079,0.176,0.001,0.168,0.0,0.3919,0.0028,35,0.2126
random_balanced_selection,nominal,4,0.5391,0.0201,0.3663,0.003,0.0933,0.0096,0.1093,0.0078,0.1744,0.001,0.168,0.0,0.3942,0.0026,35,0.201
random_balanced_selection,nominal,5,0.5371,0.0177,0.3647,0.0035,0.0941,0.0093,0.109,0.0074,0.1761,0.0012,0.168,0.0,0.3946,0.0024,35,0.2129
random_balanced_selection,nominal,6,0.5425,0.0244,0.3655,0.0033,0.0956,0.0095,0.1084,0.0077,0.1761,0.0011,0.168,0.0,0.3965,0.0024,35,0.199
random_balanced_selection,seen_task_shift,0,0.5014,0.0233,0.3538,0.0029,0.1067,0.012,0.1259,0.0104,0.1832,0.0012,0.1763,0.0,0.3838,0.0029,35,0.2126
random_balanced_selection,seen_task_shift,1,0.5034,0.0237,0.355,0.0036,0.1091,0.0116,0.1269,0.01,0.1836,0.0014,0.1763,0.0,0.3855,0.0026,35,0.2214
random_balanced_selection,seen_task_shift,2,0.5102,0.0202,0.3536,0.0034,0.1071,0.0119,0.126,0.0103,0.1827,0.0013,0.1763,0.0,0.3855,0.0019,35,0.2197
random_balanced_selection,seen_task_shift,3,0.5177,0.023,0.3537,0.0034,0.1069,0.0118,0.1263,0.0099,0.1815,0.0012,0.1763,0.0,0.3862,0.0022,35,0.1956
random_balanced_selection,seen_task_shift,4,0.5041,0.0213,0.3566,0.0038,0.1075,0.0117,0.1272,0.0105,0.1819,0.0012,0.1763,0.0,0.3817,0.0025,35,0.2095
random_balanced_selection,seen_task_shift,5,0.4983,0.0212,0.3525,0.0034,0.106,0.0114,0.1254,0.0097,0.182,0.0014,0.1763,0.0,0.3818,0.0021,35,0.2214
random_balanced_selection,seen_task_shift,6,0.5041,0.0257,0.3558,0.0033,0.108,0.012,0.1259,0.0105,0.1821,0.0014,0.1763,0.0,0.3846,0.0028,35,0.2133
random_balanced_selection,unseen_object_shift,0,0.5003,0.0181,0.3474,0.0028,0.1198,0.0141,0.1326,0.0113,0.1875,0.001,0.1814,0.0,0.3765,0.0026,35,0.2163
random_balanced_selection,unseen_object_shift,1,0.4905,0.0211,0.3483,0.0032,0.118,0.0134,0.1339,0.0107,0.1854,0.0016,0.1814,0.0,0.3786,0.0026,35,0.2194
random_balanced_selection,unseen_object_shift,2,0.4799,0.0212,0.3433,0.0025,0.1202,0.0136,0.1328,0.0106,0.1871,0.0012,0.1814,0.0,0.3795,0.0026,35,0.1956
random_balanced_selection,unseen_object_shift,3,0.5017,0.0215,0.3472,0.0034,0.1199,0.014,0.1354,0.0109,0.1863,0.0013,0.1814,0.0,0.3768,0.0027,35,0.201
random_balanced_selection,unseen_object_shift,4,0.4833,0.0246,0.3501,0.0034,0.1191,0.0143,0.1336,0.0108,0.1857,0.0013,0.1814,0.0,0.3763,0.0027,35,0.2252
random_balanced_selection,unseen_object_shift,5,0.4827,0.0204,0.3474,0.0027,0.1195,0.0144,0.1323,0.0118,0.1855,0.0013,0.1814,0.0,0.3773,0.0024,35,0.219
random_balanced_selection,unseen_object_shift,6,0.4973,0.02,0.3493,0.0029,0.1207,0.0139,0.1333,0.0106,0.1882,0.0013,0.1814,0.0,0.3764,0.0026,35,0.1833
random_balanced_selection,unseen_mechanism_shift,0,0.469,0.0258,0.3226,0.0035,0.1376,0.0167,0.1424,0.0118,0.1883,0.0015,0.1853,0.0,0.3725,0.0024,35,0.2364
random_balanced_selection,unseen_mechanism_shift,1,0.4605,0.0246,0.3198,0.0035,0.1385,0.0165,0.1428,0.0114,0.1907,0.0015,0.1853,0.0,0.3717,0.003,35,0.2378
random_balanced_selection,unseen_mechanism_shift,2,0.4704,0.0197,0.324,0.0036,0.1409,0.017,0.141,0.0121,0.1898,0.0012,0.1853,0.0,0.3743,0.0027,35,0.2068
random_balanced_selection,unseen_mechanism_shift,3,0.4776,0.0194,0.3245,0.0034,0.1396,0.0164,0.1433,0.0118,0.1885,0.0015,0.1853,0.0,0.3744,0.0023,35,0.2014
random_balanced_selection,unseen_mechanism_shift,4,0.4626,0.0267,0.3243,0.0036,0.1393,0.0163,0.141,0.0117,0.1897,0.0012,0.1853,0.0,0.3742,0.0023,35,0.235
random_balanced_selection,unseen_mechanism_shift,5,0.4435,0.0257,0.3205,0.0035,0.139,0.016,0.1415,0.0118,0.1901,0.0013,0.1853,0.0,0.3742,0.0027,35,0.2344
random_balanced_selection,unseen_mechanism_shift,6,0.4568,0.0201,0.3227,0.0035,0.1402,0.0165,0.1414,0.0118,0.1895,0.0013,0.1853,0.0,0.3715,0.0027,35,0.2279
random_balanced_selection,combined_stress,0,0.4337,0.0266,0.3214,0.004,0.1453,0.0176,0.1555,0.0133,0.1928,0.0015,0.1923,0.0,0.3645,0.0031,35,0.2197
random_balanced_selection,combined_stress,1,0.4422,0.0234,0.3226,0.0043,0.1446,0.0177,0.1555,0.0133,0.195,0.0013,0.1923,0.0,0.3634,0.003,35,0.2265
random_balanced_selection,combined_stress,2,0.4252,0.0264,0.3234,0.0033,0.1436,0.0175,0.1545,0.0134,0.1948,0.0013,0.1923,0.0,0.3641,0.0026,35,0.2354
random_balanced_selection,combined_stress,3,0.4415,0.0201,0.3222,0.0034,0.1447,0.0178,0.1545,0.0131,0.1962,0.0013,0.1923,0.0,0.3672,0.0025,35,0.233
random_balanced_selection,combined_stress,4,0.4245,0.0271,0.3231,0.0033,0.1458,0.018,0.1551,0.0139,0.1951,0.0014,0.1923,0.0,0.3647,0.0028,35,0.2452
random_balanced_selection,combined_stress,5,0.4337,0.0221,0.3214,0.003,0.1464,0.0176,0.1554,0.0137,0.1959,0.0015,0.1923,0.0,0.3645,0.0029,35,0.2395
random_balanced_selection,combined_stress,6,0.4405,0.0248,0.3193,0.0035,0.1435,0.018,0.1552,0.0138,0.1953,0.0012,0.1923,0.0,0.3636,0.0028,35,0.2173
embedding_diversity_selection,nominal,0,0.567,0.0247,0.4267,0.0033,0.0825,0.0079,0.1023,0.0077,0.161,0.0014,0.2075,0.0,0.4605,0.003,35,0.1935
embedding_diversity_selection,nominal,1,0.5711,0.0169,0.4299,0.0027,0.0829,0.0084,0.1032,0.0077,0.1601,0.0013,0.2075,0.0,0.4574,0.0032,35,0.184
embedding_diversity_selection,nominal,2,0.5707,0.024,0.4274,0.0026,0.0827,0.008,0.1012,0.0071,0.1605,0.0013,0.2075,0.0,0.4579,0.0028,35,0.1673
embedding_diversity_selection,nominal,3,0.5626,0.0225,0.4261,0.0038,0.0832,0.0085,0.1029,0.0078,0.1608,0.0014,0.2075,0.0,0.4587,0.0026,35,0.1915
embedding_diversity_selection,nominal,4,0.5684,0.0171,0.4285,0.0036,0.0832,0.0079,0.1026,0.0072,0.1604,0.0014,0.2075,0.0,0.4593,0.0029,35,0.1718
embedding_diversity_selection,nominal,5,0.5643,0.0217,0.4277,0.0031,0.083,0.0086,0.1039,0.0071,0.1602,0.0011,0.2075,0.0,0.457,0.0023,35,0.1857
embedding_diversity_selection,nominal,6,0.5714,0.0215,0.4286,0.0035,0.0825,0.008,0.1023,0.0072,0.1593,0.0015,0.2075,0.0,0.4544,0.0027,35,0.1701
embedding_diversity_selection,seen_task_shift,0,0.5469,0.021,0.4152,0.0034,0.0944,0.0103,0.1195,0.0091,0.1676,0.0014,0.2158,0.0,0.4442,0.0027,35,0.167
embedding_diversity_selection,seen_task_shift,1,0.5449,0.02,0.4176,0.0032,0.0949,0.0104,0.1196,0.0091,0.1662,0.0014,0.2158,0.0,0.4484,0.0026,35,0.1799
embedding_diversity_selection,seen_task_shift,2,0.535,0.0196,0.4179,0.0037,0.0951,0.0096,0.1183,0.0098,0.1659,0.0015,0.2158,0.0,0.4461,0.0028,35,0.1949
embedding_diversity_selection,seen_task_shift,3,0.5459,0.0231,0.4199,0.004,0.0937,0.0104,0.1196,0.0095,0.1667,0.0013,0.2158,0.0,0.4469,0.003,35,0.1673
embedding_diversity_selection,seen_task_shift,4,0.5452,0.0193,0.4191,0.0041,0.0954,0.01,0.1177,0.009,0.1677,0.0013,0.2158,0.0,0.4479,0.0028,35,0.1684
embedding_diversity_selection,seen_task_shift,5,0.5463,0.0163,0.4154,0.0033,0.0943,0.0103,0.1201,0.0097,0.1671,0.0014,0.2158,0.0,0.4482,0.0023,35,0.1735
embedding_diversity_selection,seen_task_shift,6,0.5408,0.0227,0.4213,0.003,0.0968,0.0104,0.1192,0.009,0.1664,0.0012,0.2158,0.0,0.4452,0.0026,35,0.1765
embedding_diversity_selection,unseen_object_shift,0,0.5088,0.0206,0.4109,0.0036,0.1057,0.0114,0.1264,0.0096,0.1708,0.0013,0.2209,0.0,0.4414,0.0025,35,0.2078
embedding_diversity_selection,unseen_object_shift,1,0.499,0.02,0.4088,0.0035,0.1045,0.0126,0.1252,0.0099,0.1704,0.0013,0.2209,0.0,0.4392,0.0023,35,0.2109
embedding_diversity_selection,unseen_object_shift,2,0.5027,0.0227,0.4096,0.0033,0.1046,0.0119,0.1231,0.0097,0.1716,0.0013,0.2209,0.0,0.4414,0.0029,35,0.1728
embedding_diversity_selection,unseen_object_shift,3,0.5207,0.023,0.41,0.0029,0.1041,0.0124,0.1235,0.01,0.1704,0.0011,0.2209,0.0,0.442,0.0026,35,0.182
embedding_diversity_selection,unseen_object_shift,4,0.5282,0.0225,0.4084,0.0039,0.1056,0.0125,0.1242,0.0096,0.1701,0.0012,0.2209,0.0,0.4402,0.0024,35,0.1803
embedding_diversity_selection,unseen_object_shift,5,0.5248,0.0223,0.4099,0.0034,0.1057,0.0121,0.1258,0.0098,0.1702,0.0014,0.2209,0.0,0.442,0.002,35,0.1769
embedding_diversity_selection,unseen_object_shift,6,0.5337,0.0223,0.4114,0.0032,0.1054,0.0124,0.1241,0.0101,0.1701,0.0014,0.2209,0.0,0.4408,0.0027,35,0.1469
embedding_diversity_selection,unseen_mechanism_shift,0,0.4908,0.0208,0.3843,0.0033,0.1214,0.0148,0.1332,0.0112,0.1737,0.0013,0.2247,0.0,0.4358,0.0027,35,0.2146
embedding_diversity_selection,unseen_mechanism_shift,1,0.4929,0.0217,0.3854,0.0033,0.122,0.0146,0.1316,0.0109,0.1751,0.0012,0.2247,0.0,0.437,0.003,35,0.2054
embedding_diversity_selection,unseen_mechanism_shift,2,0.485,0.0226,0.3835,0.0032,0.1222,0.0144,0.1321,0.0113,0.1733,0.0014,0.2247,0.0,0.4377,0.0028,35,0.1922
embedding_diversity_selection,unseen_mechanism_shift,3,0.4922,0.0189,0.388,0.0026,0.1206,0.0143,0.132,0.011,0.1744,0.0012,0.2247,0.0,0.4335,0.0027,35,0.1867
embedding_diversity_selection,unseen_mechanism_shift,4,0.5014,0.0271,0.3857,0.0032,0.1227,0.0143,0.1331,0.0108,0.1748,0.0014,0.2247,0.0,0.4372,0.0025,35,0.1963
embedding_diversity_selection,unseen_mechanism_shift,5,0.5068,0.0211,0.3873,0.0037,0.121,0.0146,0.1327,0.011,0.1739,0.0011,0.2247,0.0,0.4364,0.0023,35,0.1711
embedding_diversity_selection,unseen_mechanism_shift,6,0.5061,0.0236,0.3818,0.003,0.1222,0.0142,0.1328,0.0107,0.1736,0.0013,0.2247,0.0,0.433,0.0033,35,0.1786
embedding_diversity_selection,combined_stress,0,0.4622,0.0259,0.3823,0.0027,0.1283,0.0153,0.1446,0.012,0.1805,0.0014,0.2318,0.0,0.4259,0.0026,35,0.1912
embedding_diversity_selection,combined_stress,1,0.4622,0.0224,0.3826,0.0033,0.1284,0.0151,0.1435,0.012,0.1789,0.0013,0.2318,0.0,0.4272,0.0027,35,0.2065
embedding_diversity_selection,combined_stress,2,0.4643,0.024,0.3867,0.0034,0.1283,0.0152,0.1443,0.012,0.18,0.0011,0.2318,0.0,0.4289,0.0023,35,0.1963
embedding_diversity_selection,combined_stress,3,0.4656,0.0222,0.3843,0.0032,0.1264,0.0156,0.1459,0.0125,0.1791,0.0012,0.2318,0.0,0.4276,0.0023,35,0.2088
embedding_diversity_selection,combined_stress,4,0.465,0.0198,0.3812,0.0029,0.1276,0.0155,0.1444,0.0125,0.1781,0.0015,0.2318,0.0,0.4294,0.0029,35,0.2048
embedding_diversity_selection,combined_stress,5,0.4847,0.0289,0.3841,0.0039,0.1261,0.0153,0.145,0.0121,0.1787,0.0015,0.2318,0.0,0.4283,0.0024,35,0.1884
embedding_diversity_selection,combined_stress,6,0.4735,0.0251,0.3836,0.0027,0.1255,0.0157,0.1426,0.0126,0.1793,0.0013,0.2318,0.0,0.4282,0.0026,35,0.1844
uncertainty_sampling,nominal,0,0.5854,0.0168,0.4668,0.0031,0.0707,0.0083,0.0888,0.0057,0.1653,0.0012,0.233,0.0,0.4918,0.0027,35,0.1752
uncertainty_sampling,nominal,1,0.5857,0.021,0.4718,0.0027,0.0722,0.0078,0.0882,0.006,0.1642,0.0013,0.233,0.0,0.4909,0.0026,35,0.1694
uncertainty_sampling,nominal,2,0.5724,0.0206,0.4701,0.0037,0.0718,0.0079,0.0912,0.0063,0.1649,0.0013,0.233,0.0,0.4924,0.0028,35,0.1656
uncertainty_sampling,nominal,3,0.5789,0.0195,0.4669,0.0039,0.0707,0.0081,0.0902,0.0054,0.1648,0.0013,0.233,0.0,0.4934,0.0026,35,0.1752
uncertainty_sampling,nominal,4,0.585,0.0201,0.4662,0.0023,0.0707,0.0074,0.0899,0.0061,0.1644,0.0014,0.233,0.0,0.4933,0.0027,35,0.1551
uncertainty_sampling,nominal,5,0.5639,0.0207,0.4725,0.0041,0.0721,0.0076,0.0906,0.0056,0.1657,0.0013,0.233,0.0,0.4908,0.0031,35,0.1861
uncertainty_sampling,nominal,6,0.5728,0.0239,0.468,0.0031,0.0713,0.0077,0.089,0.0064,0.165,0.0012,0.233,0.0,0.4911,0.0028,35,0.1687
uncertainty_sampling,seen_task_shift,0,0.5398,0.0224,0.4561,0.0032,0.081,0.009,0.1031,0.0071,0.1717,0.0015,0.2413,0.0,0.4827,0.0031,35,0.1741
uncertainty_sampling,seen_task_shift,1,0.5395,0.0223,0.4601,0.003,0.081,0.0093,0.1033,0.0077,0.1719,0.0013,0.2413,0.0,0.4834,0.0023,35,0.1854
uncertainty_sampling,seen_task_shift,2,0.565,0.0206,0.4582,0.0035,0.0815,0.0102,0.102,0.0076,0.1716,0.0015,0.2413,0.0,0.4802,0.0026,35,0.165
uncertainty_sampling,seen_task_shift,3,0.5364,0.0209,0.4552,0.0028,0.0833,0.0098,0.1006,0.0077,0.1718,0.0013,0.2413,0.0,0.4807,0.0029,35,0.1769
uncertainty_sampling,seen_task_shift,4,0.5466,0.0192,0.4579,0.0036,0.0837,0.0095,0.103,0.0071,0.1713,0.0014,0.2413,0.0,0.4805,0.0029,35,0.167
uncertainty_sampling,seen_task_shift,5,0.5599,0.0183,0.4581,0.0038,0.0817,0.0089,0.1024,0.0071,0.1724,0.0013,0.2413,0.0,0.4805,0.0027,35,0.1599
uncertainty_sampling,seen_task_shift,6,0.5408,0.0214,0.4547,0.003,0.0822,0.0099,0.1006,0.0073,0.1711,0.0011,0.2413,0.0,0.478,0.0027,35,0.1765
uncertainty_sampling,unseen_object_shift,0,0.5364,0.0239,0.4486,0.0029,0.092,0.0116,0.1062,0.0082,0.1748,0.0014,0.2464,0.0,0.4792,0.0034,35,0.1803
uncertainty_sampling,unseen_object_shift,1,0.5259,0.0193,0.4477,0.0039,0.0913,0.011,0.1055,0.0079,0.1767,0.0012,0.2464,0.0,0.4745,0.0027,35,0.184
uncertainty_sampling,unseen_object_shift,2,0.5374,0.0187,0.4496,0.0034,0.0905,0.0113,0.1062,0.0075,0.1752,0.0014,0.2464,0.0,0.4769,0.0029,35,0.1381
uncertainty_sampling,unseen_object_shift,3,0.5303,0.0214,0.4512,0.0032,0.0917,0.011,0.1072,0.0081,0.1752,0.0013,0.2464,0.0,0.4749,0.0022,35,0.1724
uncertainty_sampling,unseen_object_shift,4,0.5194,0.021,0.452,0.0038,0.0918,0.0114,0.1077,0.0079,0.1752,0.0014,0.2464,0.0,0.473,0.0023,35,0.1891
uncertainty_sampling,unseen_object_shift,5,0.5323,0.0203,0.4486,0.0027,0.0914,0.0119,0.1064,0.0079,0.1747,0.0012,0.2464,0.0,0.4754,0.0026,35,0.1694
uncertainty_sampling,unseen_object_shift,6,0.517,0.024,0.4502,0.0032,0.0924,0.0107,0.106,0.0081,0.1757,0.0012,0.2464,0.0,0.4749,0.0032,35,0.1636
uncertainty_sampling,unseen_mechanism_shift,0,0.5238,0.0178,0.4233,0.0032,0.1075,0.0132,0.1142,0.0087,0.1773,0.0016,0.2503,0.0,0.4719,0.0025,35,0.1816
uncertainty_sampling,unseen_mechanism_shift,1,0.5071,0.0232,0.4255,0.0037,0.1089,0.0129,0.1133,0.0086,0.1789,0.0015,0.2503,0.0,0.4715,0.0029,35,0.1912
uncertainty_sampling,unseen_mechanism_shift,2,0.5071,0.0232,0.4272,0.0038,0.1073,0.0131,0.1123,0.0084,0.1783,0.0013,0.2503,0.0,0.4684,0.003,35,0.1701
uncertainty_sampling,unseen_mechanism_shift,3,0.4935,0.0225,0.4215,0.0033,0.1078,0.0135,0.1126,0.0085,0.1779,0.0017,0.2503,0.0,0.4705,0.0028,35,0.1854
uncertainty_sampling,unseen_mechanism_shift,4,0.5163,0.0223,0.4238,0.0031,0.1067,0.0132,0.1133,0.0082,0.1789,0.0015,0.2503,0.0,0.4707,0.0023,35,0.1813
uncertainty_sampling,unseen_mechanism_shift,5,0.5289,0.0257,0.4222,0.0031,0.1076,0.0131,0.1124,0.0086,0.1784,0.0011,0.2503,0.0,0.4722,0.0027,35,0.149
uncertainty_sampling,unseen_mechanism_shift,6,0.5126,0.0214,0.4212,0.0036,0.1071,0.0132,0.1123,0.0086,0.179,0.0016,0.2503,0.0,0.4709,0.0021,35,0.1721
uncertainty_sampling,combined_stress,0,0.4861,0.0234,0.4221,0.0032,0.1138,0.0144,0.1222,0.01,0.184,0.0015,0.2573,0.0,0.4622,0.0026,35,0.1673
uncertainty_sampling,combined_stress,1,0.4731,0.0231,0.4215,0.0035,0.1126,0.0143,0.1226,0.0097,0.1838,0.0014,0.2573,0.0,0.4623,0.0032,35,0.1956
uncertainty_sampling,combined_stress,2,0.4765,0.0231,0.4234,0.003,0.1112,0.0147,0.1212,0.0102,0.1831,0.0012,0.2573,0.0,0.4619,0.0021,35,0.184
uncertainty_sampling,combined_stress,3,0.4837,0.0208,0.4215,0.0027,0.1135,0.0138,0.1221,0.0096,0.1841,0.0013,0.2573,0.0,0.4597,0.003,35,0.1908
uncertainty_sampling,combined_stress,4,0.4837,0.0225,0.4257,0.0033,0.1132,0.0139,0.1236,0.0097,0.1851,0.001,0.2573,0.0,0.4587,0.0024,35,0.1861
uncertainty_sampling,combined_stress,5,0.4622,0.0222,0.4225,0.0037,0.1139,0.0143,0.1227,0.0103,0.1844,0.0014,0.2573,0.0,0.4627,0.0029,35,0.2109
uncertainty_sampling,combined_stress,6,0.4871,0.0235,0.4221,0.0037,0.1126,0.0148,0.1223,0.0105,0.1838,0.0012,0.2573,0.0,0.4622,0.0024,35,0.1707
failure_prediction_selection,nominal,0,0.5993,0.018,0.5321,0.0033,0.059,0.0065,0.0775,0.0041,0.1578,0.0013,0.2472,0.0,0.5418,0.0023,35,0.1612
failure_prediction_selection,nominal,1,0.5939,0.0142,0.5308,0.0034,0.0585,0.006,0.077,0.0049,0.1587,0.0012,0.2472,0.0,0.5428,0.003,35,0.1612
failure_prediction_selection,nominal,2,0.6044,0.0205,0.5329,0.0028,0.0574,0.0069,0.0761,0.0047,0.1586,0.001,0.2472,0.0,0.5422,0.0028,35,0.1337
failure_prediction_selection,nominal,3,0.5922,0.0176,0.5275,0.0028,0.0566,0.0069,0.0775,0.0047,0.1582,0.0015,0.2472,0.0,0.5416,0.0026,35,0.1619
failure_prediction_selection,nominal,4,0.6031,0.0197,0.5307,0.0032,0.0578,0.0065,0.0787,0.0044,0.1585,0.0013,0.2472,0.0,0.5424,0.0022,35,0.1371
failure_prediction_selection,nominal,5,0.6102,0.0153,0.5327,0.0034,0.057,0.0059,0.0765,0.0044,0.1592,0.0013,0.2472,0.0,0.5417,0.0026,35,0.1398
failure_prediction_selection,nominal,6,0.6024,0.0194,0.5302,0.0031,0.0565,0.0066,0.0792,0.0047,0.1589,0.0016,0.2472,0.0,0.542,0.0028,35,0.1391
failure_prediction_selection,seen_task_shift,0,0.5759,0.0172,0.5196,0.0028,0.0668,0.0082,0.0871,0.0055,0.165,0.0011,0.2555,0.0,0.5306,0.0018,35,0.1381
failure_prediction_selection,seen_task_shift,1,0.5752,0.0185,0.5225,0.0033,0.0665,0.0081,0.0867,0.0057,0.1655,0.0012,0.2555,0.0,0.5323,0.0033,35,0.1497
failure_prediction_selection,seen_task_shift,2,0.5595,0.02,0.5205,0.0028,0.0689,0.0084,0.0885,0.006,0.1654,0.0011,0.2555,0.0,0.5303,0.0034,35,0.1704
failure_prediction_selection,seen_task_shift,3,0.5595,0.0189,0.5216,0.0042,0.0669,0.0078,0.0874,0.0052,0.1661,0.001,0.2555,0.0,0.5315,0.0025,35,0.1537
failure_prediction_selection,seen_task_shift,4,0.5633,0.0176,0.5235,0.0039,0.0674,0.0087,0.0877,0.0055,0.1647,0.0014,0.2555,0.0,0.53,0.0024,35,0.1503
failure_prediction_selection,seen_task_shift,5,0.5568,0.0231,0.518,0.0034,0.0672,0.008,0.0862,0.0054,0.1653,0.0012,0.2555,0.0,0.531,0.0028,35,0.1629
failure_prediction_selection,seen_task_shift,6,0.566,0.0218,0.5172,0.0033,0.0679,0.0079,0.0861,0.006,0.1648,0.0012,0.2555,0.0,0.5309,0.0024,35,0.1514
failure_prediction_selection,unseen_object_shift,0,0.5565,0.0188,0.5097,0.0032,0.0754,0.009,0.0917,0.0064,0.1697,0.0011,0.2606,0.0,0.5231,0.0033,35,0.1602
failure_prediction_selection,unseen_object_shift,1,0.5418,0.0219,0.5124,0.0035,0.0749,0.0091,0.0917,0.006,0.1684,0.0011,0.2606,0.0,0.5244,0.0026,35,0.168
failure_prediction_selection,unseen_object_shift,2,0.5432,0.0171,0.5112,0.0038,0.0754,0.0095,0.0913,0.0068,0.1691,0.0016,0.2606,0.0,0.5247,0.0023,35,0.1323
failure_prediction_selection,unseen_object_shift,3,0.5486,0.0198,0.5098,0.0033,0.0748,0.0095,0.0922,0.0057,0.1691,0.0016,0.2606,0.0,0.5258,0.0029,35,0.1541
failure_prediction_selection,unseen_object_shift,4,0.5401,0.0193,0.5113,0.0034,0.0743,0.0097,0.0902,0.0063,0.1688,0.0013,0.2606,0.0,0.5244,0.0026,35,0.1684
failure_prediction_selection,unseen_object_shift,5,0.5463,0.0203,0.5119,0.0039,0.0755,0.0097,0.0903,0.0059,0.1708,0.001,0.2606,0.0,0.5245,0.0022,35,0.1554
failure_prediction_selection,unseen_object_shift,6,0.5456,0.017,0.5124,0.0027,0.0745,0.0091,0.0907,0.0061,0.1697,0.0013,0.2606,0.0,0.5268,0.0037,35,0.135
failure_prediction_selection,unseen_mechanism_shift,0,0.5364,0.0185,0.4864,0.0032,0.0882,0.0113,0.0963,0.0063,0.1711,0.0014,0.2645,0.0,0.52,0.0019,35,0.169
failure_prediction_selection,unseen_mechanism_shift,1,0.5272,0.0198,0.4858,0.0037,0.0901,0.0114,0.0955,0.0071,0.1721,0.0016,0.2645,0.0,0.5219,0.0026,35,0.1711
failure_prediction_selection,unseen_mechanism_shift,2,0.5231,0.0171,0.4888,0.0033,0.0891,0.0112,0.0952,0.007,0.1727,0.0014,0.2645,0.0,0.5196,0.0025,35,0.1541
failure_prediction_selection,unseen_mechanism_shift,3,0.533,0.0173,0.487,0.004,0.0886,0.011,0.0953,0.0064,0.1717,0.0016,0.2645,0.0,0.5203,0.0029,35,0.1459
failure_prediction_selection,unseen_mechanism_shift,4,0.5313,0.019,0.4902,0.0033,0.089,0.0111,0.0956,0.0069,0.172,0.0012,0.2645,0.0,0.5204,0.0022,35,0.1663
failure_prediction_selection,unseen_mechanism_shift,5,0.5259,0.0191,0.4883,0.0032,0.0885,0.0112,0.0961,0.0067,0.1721,0.0012,0.2645,0.0,0.521,0.0024,35,0.152
failure_prediction_selection,unseen_mechanism_shift,6,0.5378,0.0212,0.4862,0.0034,0.0872,0.0113,0.0948,0.0064,0.1725,0.0012,0.2645,0.0,0.5192,0.0023,35,0.1469
failure_prediction_selection,combined_stress,0,0.5071,0.021,0.4856,0.0033,0.092,0.0117,0.1035,0.0076,0.1771,0.0014,0.2715,0.0,0.5109,0.0026,35,0.1463
failure_prediction_selection,combined_stress,1,0.5085,0.0209,0.4862,0.0032,0.0933,0.0118,0.1042,0.0072,0.1772,0.0012,0.2715,0.0,0.5095,0.0029,35,0.1602
failure_prediction_selection,combined_stress,2,0.5099,0.0211,0.4852,0.003,0.0922,0.0124,0.1034,0.0079,0.1764,0.0013,0.2715,0.0,0.5122,0.0032,35,0.1507
failure_prediction_selection,combined_stress,3,0.4969,0.0217,0.4844,0.0031,0.091,0.0123,0.103,0.0077,0.1777,0.0013,0.2715,0.0,0.5122,0.0029,35,0.1776
failure_prediction_selection,combined_stress,4,0.4949,0.0189,0.4889,0.0031,0.0932,0.0115,0.1033,0.0081,0.1768,0.0014,0.2715,0.0,0.5094,0.0025,35,0.1748
failure_prediction_selection,combined_stress,5,0.5041,0.0271,0.4835,0.0036,0.0926,0.0119,0.1032,0.0073,0.1764,0.0013,0.2715,0.0,0.5109,0.0028,35,0.169
failure_prediction_selection,combined_stress,6,0.4963,0.0184,0.4853,0.0033,0.0922,0.0119,0.1027,0.0078,0.1776,0.0014,0.2715,0.0,0.5106,0.0023,35,0.1616
proposed_mechanism_coverage_audit,nominal,0,0.6435,0.0193,0.697,0.003,0.0284,0.0032,0.0623,0.0029,0.1105,0.0014,0.1931,0.0,0.7087,0.0023,35,0.117
proposed_mechanism_coverage_audit,nominal,1,0.6697,0.0191,0.6972,0.0038,0.0294,0.003,0.0641,0.0032,0.1104,0.0014,0.1931,0.0,0.7108,0.0027,35,0.0854
proposed_mechanism_coverage_audit,nominal,2,0.6616,0.0152,0.6983,0.0035,0.0306,0.0035,0.0621,0.0035,0.1092,0.0012,0.1931,0.0,0.7118,0.0026,35,0.0765
proposed_mechanism_coverage_audit,nominal,3,0.6636,0.0158,0.6976,0.0034,0.0287,0.0035,0.0621,0.0033,0.109,0.0014,0.1931,0.0,0.7106,0.0028,35,0.0905
proposed_mechanism_coverage_audit,nominal,4,0.6701,0.0185,0.7018,0.0036,0.0289,0.0032,0.0627,0.003,0.1095,0.0014,0.1931,0.0,0.7101,0.0024,35,0.0701
proposed_mechanism_coverage_audit,nominal,5,0.665,0.0168,0.6957,0.0032,0.0297,0.0034,0.0638,0.0032,0.1103,0.0014,0.1931,0.0,0.7087,0.0031,35,0.085
proposed_mechanism_coverage_audit,nominal,6,0.6827,0.017,0.696,0.0026,0.0293,0.0032,0.0628,0.0029,0.1094,0.0013,0.1931,0.0,0.7084,0.0019,35,0.0588
proposed_mechanism_coverage_audit,seen_task_shift,0,0.6364,0.0209,0.6862,0.0031,0.0323,0.0038,0.069,0.0035,0.1158,0.0013,0.2014,0.0,0.7017,0.0026,35,0.0776
proposed_mechanism_coverage_audit,seen_task_shift,1,0.6401,0.0157,0.6833,0.0036,0.0338,0.0039,0.068,0.0038,0.1166,0.0011,0.2014,0.0,0.6983,0.0028,35,0.0847
proposed_mechanism_coverage_audit,seen_task_shift,2,0.6398,0.0194,0.6833,0.0031,0.0319,0.0045,0.068,0.0034,0.1159,0.0014,0.2014,0.0,0.7001,0.0023,35,0.0901
proposed_mechanism_coverage_audit,seen_task_shift,3,0.6228,0.0182,0.6843,0.0034,0.034,0.0037,0.0681,0.0034,0.1174,0.0015,0.2014,0.0,0.7001,0.0028,35,0.0905
proposed_mechanism_coverage_audit,seen_task_shift,4,0.6422,0.0206,0.6876,0.0036,0.0333,0.0036,0.0705,0.0029,0.116,0.0013,0.2014,0.0,0.7008,0.0024,35,0.0714
proposed_mechanism_coverage_audit,seen_task_shift,5,0.6357,0.0181,0.688,0.0031,0.033,0.0039,0.0684,0.0033,0.1165,0.0011,0.2014,0.0,0.7012,0.0023,35,0.084
proposed_mechanism_coverage_audit,seen_task_shift,6,0.6282,0.0219,0.6848,0.0031,0.0332,0.0034,0.069,0.0038,0.1168,0.0015,0.2014,0.0,0.6989,0.0025,35,0.0891
proposed_mechanism_coverage_audit,unseen_object_shift,0,0.6116,0.0158,0.6779,0.0033,0.0366,0.0046,0.0709,0.0043,0.12,0.0009,0.2065,0.0,0.6889,0.003,35,0.1051
proposed_mechanism_coverage_audit,unseen_object_shift,1,0.5946,0.0172,0.6823,0.0032,0.0356,0.0041,0.0708,0.0033,0.1205,0.0014,0.2065,0.0,0.6906,0.0026,35,0.1153
proposed_mechanism_coverage_audit,unseen_object_shift,2,0.6119,0.0163,0.6782,0.0036,0.037,0.0046,0.0697,0.0042,0.1194,0.0014,0.2065,0.0,0.6929,0.0023,35,0.0636
proposed_mechanism_coverage_audit,unseen_object_shift,3,0.6241,0.0188,0.6779,0.0032,0.0367,0.0048,0.0692,0.0034,0.1197,0.0011,0.2065,0.0,0.6925,0.0023,35,0.0786
proposed_mechanism_coverage_audit,unseen_object_shift,4,0.5997,0.0191,0.6776,0.0031,0.0358,0.0048,0.0702,0.0037,0.1203,0.0011,0.2065,0.0,0.6928,0.0023,35,0.1088
proposed_mechanism_coverage_audit,unseen_object_shift,5,0.6214,0.0163,0.6755,0.0037,0.0374,0.0042,0.0702,0.0037,0.1208,0.0014,0.2065,0.0,0.6945,0.0029,35,0.0803
proposed_mechanism_coverage_audit,unseen_object_shift,6,0.6153,0.0199,0.678,0.003,0.0368,0.0043,0.0718,0.0038,0.1194,0.0014,0.2065,0.0,0.6952,0.003,35,0.0653
proposed_mechanism_coverage_audit,unseen_mechanism_shift,0,0.5935,0.0155,0.6501,0.0038,0.044,0.0051,0.0729,0.004,0.1237,0.0015,0.2104,0.0,0.6886,0.0024,35,0.1119
proposed_mechanism_coverage_audit,unseen_mechanism_shift,1,0.5976,0.0211,0.656,0.0037,0.0426,0.0055,0.0734,0.0048,0.1246,0.0014,0.2104,0.0,0.6877,0.0023,35,0.1007
proposed_mechanism_coverage_audit,unseen_mechanism_shift,2,0.5833,0.0144,0.6545,0.0029,0.0433,0.0053,0.0731,0.0042,0.1227,0.0016,0.2104,0.0,0.6873,0.0029,35,0.0939
proposed_mechanism_coverage_audit,unseen_mechanism_shift,3,0.6027,0.0213,0.6543,0.0031,0.0428,0.0054,0.0733,0.0041,0.1239,0.0011,0.2104,0.0,0.6887,0.0028,35,0.0762
proposed_mechanism_coverage_audit,unseen_mechanism_shift,4,0.6,0.0174,0.6495,0.0038,0.0429,0.0051,0.0724,0.0037,0.1229,0.0011,0.2104,0.0,0.6868,0.0022,35,0.0976
proposed_mechanism_coverage_audit,unseen_mechanism_shift,5,0.585,0.0188,0.6514,0.0036,0.0438,0.0054,0.073,0.0044,0.123,0.0012,0.2104,0.0,0.6907,0.0021,35,0.0929
proposed_mechanism_coverage_audit,unseen_mechanism_shift,6,0.5986,0.0215,0.6549,0.0033,0.0423,0.0057,0.075,0.0046,0.1237,0.0012,0.2104,0.0,0.6882,0.0024,35,0.0861
proposed_mechanism_coverage_audit,combined_stress,0,0.5721,0.0172,0.6528,0.0032,0.0442,0.0054,0.0768,0.0048,0.1281,0.0015,0.2174,0.0,0.6776,0.0027,35,0.0813
proposed_mechanism_coverage_audit,combined_stress,1,0.5711,0.0151,0.6511,0.0033,0.045,0.0051,0.0795,0.0043,0.1276,0.0013,0.2174,0.0,0.6801,0.0028,35,0.0976
proposed_mechanism_coverage_audit,combined_stress,2,0.5912,0.0156,0.6511,0.0035,0.0467,0.0055,0.0781,0.0045,0.1296,0.0015,0.2174,0.0,0.6805,0.0026,35,0.0694
proposed_mechanism_coverage_audit,combined_stress,3,0.6044,0.018,0.6529,0.0034,0.0455,0.0053,0.0779,0.0045,0.1294,0.0013,0.2174,0.0,0.6782,0.0025,35,0.0701
proposed_mechanism_coverage_audit,combined_stress,4,0.565,0.0215,0.6542,0.0029,0.0453,0.0054,0.0788,0.0049,0.1283,0.0013,0.2174,0.0,0.6765,0.0031,35,0.1048
proposed_mechanism_coverage_audit,combined_stress,5,0.5592,0.0189,0.6539,0.0038,0.0444,0.0057,0.0781,0.0048,0.1277,0.0015,0.2174,0.0,0.6779,0.0024,35,0.1139
proposed_mechanism_coverage_audit,combined_stress,6,0.582,0.0221,0.6489,0.0031,0.0444,0.0054,0.0782,0.0045,0.1289,0.0014,0.2174,0.0,0.6787,0.0027,35,0.0759
oracle_mechanism_coverage,nominal,0,0.7605,0.0179,0.7898,0.0032,0.0104,0.002,0.0473,0.0014,0.0834,0.0013,0.1839,0.0,0.8066,0.0025,35,0.0
oracle_mechanism_coverage,nominal,1,0.7551,0.019,0.7921,0.0033,0.0097,0.0021,0.0489,0.0018,0.0855,0.0014,0.1839,0.0,0.8069,0.0029,35,0.0
oracle_mechanism_coverage,nominal,2,0.7381,0.0157,0.791,0.0041,0.0105,0.0017,0.0499,0.0017,0.0839,0.0015,0.1839,0.0,0.8078,0.0025,35,0.0
oracle_mechanism_coverage,nominal,3,0.7541,0.0174,0.7889,0.0033,0.0094,0.0018,0.0482,0.0017,0.0837,0.0011,0.1839,0.0,0.8073,0.0023,35,0.0
oracle_mechanism_coverage,nominal,4,0.7401,0.0118,0.7907,0.0035,0.0113,0.0019,0.0486,0.0015,0.0843,0.0014,0.1839,0.0,0.8094,0.0024,35,0.0
oracle_mechanism_coverage,nominal,5,0.75,0.0127,0.7899,0.0035,0.0106,0.002,0.0479,0.0024,0.084,0.0012,0.1839,0.0,0.8076,0.0029,35,0.0
oracle_mechanism_coverage,nominal,6,0.7415,0.0122,0.7903,0.0033,0.0093,0.0019,0.0478,0.0014,0.0853,0.0013,0.1839,0.0,0.8072,0.0023,35,0.0
oracle_mechanism_coverage,seen_task_shift,0,0.7139,0.0183,0.7773,0.0031,0.0117,0.0016,0.0499,0.002,0.0914,0.001,0.1923,0.0,0.7938,0.0026,35,0.0
oracle_mechanism_coverage,seen_task_shift,1,0.7248,0.0153,0.781,0.003,0.0105,0.0021,0.0494,0.0021,0.0915,0.0012,0.1923,0.0,0.7943,0.0026,35,0.0
oracle_mechanism_coverage,seen_task_shift,2,0.7299,0.0142,0.7809,0.0029,0.0104,0.0022,0.0493,0.002,0.091,0.0014,0.1923,0.0,0.7959,0.003,35,0.0
oracle_mechanism_coverage,seen_task_shift,3,0.7133,0.0148,0.7821,0.004,0.0103,0.002,0.0499,0.0018,0.0908,0.0014,0.1923,0.0,0.7969,0.0026,35,0.0
oracle_mechanism_coverage,seen_task_shift,4,0.7136,0.0201,0.7799,0.0027,0.0113,0.0022,0.0501,0.0019,0.0909,0.0015,0.1923,0.0,0.7993,0.0025,35,0.0
oracle_mechanism_coverage,seen_task_shift,5,0.7197,0.0147,0.7776,0.0033,0.0107,0.0017,0.049,0.0021,0.0913,0.0013,0.1923,0.0,0.7974,0.0023,35,0.0
oracle_mechanism_coverage,seen_task_shift,6,0.7173,0.0149,0.7827,0.0032,0.0119,0.0022,0.0493,0.0021,0.0896,0.0013,0.1923,0.0,0.7935,0.003,35,0.0
oracle_mechanism_coverage,unseen_object_shift,0,0.7167,0.0179,0.7752,0.003,0.012,0.0027,0.0508,0.0019,0.0953,0.0015,0.1974,0.0,0.7931,0.0025,35,0.0
oracle_mechanism_coverage,unseen_object_shift,1,0.7099,0.0122,0.7734,0.0038,0.0137,0.0019,0.0512,0.0023,0.094,0.0011,0.1974,0.0,0.7904,0.0033,35,0.0
oracle_mechanism_coverage,unseen_object_shift,2,0.6755,0.0176,0.7701,0.0034,0.0137,0.0022,0.0506,0.0024,0.0952,0.0013,0.1974,0.0,0.7883,0.0026,35,0.0
oracle_mechanism_coverage,unseen_object_shift,3,0.7027,0.0129,0.7749,0.0025,0.0136,0.0022,0.0495,0.0022,0.095,0.0013,0.1974,0.0,0.7907,0.0028,35,0.0
oracle_mechanism_coverage,unseen_object_shift,4,0.7085,0.0177,0.7697,0.0029,0.012,0.0019,0.0501,0.0022,0.0949,0.0013,0.1974,0.0,0.7912,0.0028,35,0.0
oracle_mechanism_coverage,unseen_object_shift,5,0.7017,0.0162,0.7706,0.0035,0.0107,0.0019,0.0521,0.0018,0.0944,0.0016,0.1974,0.0,0.7928,0.0031,35,0.0
oracle_mechanism_coverage,unseen_object_shift,6,0.6806,0.0147,0.7745,0.0034,0.0139,0.0023,0.051,0.0021,0.0945,0.0015,0.1974,0.0,0.7909,0.003,35,0.0
oracle_mechanism_coverage,unseen_mechanism_shift,0,0.7054,0.0197,0.7468,0.003,0.0147,0.0022,0.0517,0.0021,0.0984,0.0013,0.2012,0.0,0.7849,0.003,35,0.0
oracle_mechanism_coverage,unseen_mechanism_shift,1,0.6983,0.0177,0.7472,0.0024,0.0143,0.0027,0.0509,0.002,0.0978,0.0013,0.2012,0.0,0.7864,0.0025,35,0.0
oracle_mechanism_coverage,unseen_mechanism_shift,2,0.6772,0.019,0.7472,0.0031,0.0143,0.0026,0.0525,0.0018,0.0978,0.0012,0.2012,0.0,0.7849,0.0023,35,0.0
oracle_mechanism_coverage,unseen_mechanism_shift,3,0.6789,0.0163,0.7489,0.003,0.0154,0.0021,0.0513,0.0018,0.0985,0.0014,0.2012,0.0,0.785,0.0022,35,0.0
oracle_mechanism_coverage,unseen_mechanism_shift,4,0.6976,0.0187,0.7461,0.0032,0.014,0.0025,0.0516,0.0019,0.0987,0.0012,0.2012,0.0,0.7868,0.0027,35,0.0
oracle_mechanism_coverage,unseen_mechanism_shift,5,0.6779,0.0156,0.7457,0.0036,0.0124,0.0023,0.0504,0.0021,0.0987,0.0015,0.2012,0.0,0.7861,0.0028,35,0.0
oracle_mechanism_coverage,unseen_mechanism_shift,6,0.6847,0.0175,0.7459,0.0037,0.0157,0.0027,0.0515,0.0018,0.0986,0.0013,0.2012,0.0,0.7829,0.0024,35,0.0
oracle_mechanism_coverage,combined_stress,0,0.6534,0.0187,0.7463,0.0036,0.0149,0.0024,0.0523,0.0023,0.1034,0.0012,0.2083,0.0,0.7791,0.0026,35,0.0
oracle_mechanism_coverage,combined_stress,1,0.6687,0.0156,0.7439,0.0032,0.0155,0.0025,0.0524,0.0026,0.1034,0.0013,0.2083,0.0,0.7787,0.0024,35,0.0
oracle_mechanism_coverage,combined_stress,2,0.6605,0.0199,0.7442,0.0034,0.0151,0.0026,0.0532,0.002,0.1041,0.0016,0.2083,0.0,0.7789,0.0028,35,0.0
oracle_mechanism_coverage,combined_stress,3,0.6745,0.0179,0.7463,0.0029,0.016,0.0029,0.0525,0.0021,0.1027,0.0016,0.2083,0.0,0.7759,0.0025,35,0.0
oracle_mechanism_coverage,combined_stress,4,0.6697,0.0169,0.7444,0.0042,0.014,0.0025,0.0525,0.0022,0.1042,0.0014,0.2083,0.0,0.7752,0.0023,35,0.0
oracle_mechanism_coverage,combined_stress,5,0.6731,0.0162,0.7468,0.0032,0.0141,0.0023,0.0527,0.0024,0.1038,0.0013,0.2083,0.0,0.778,0.0021,35,0.0
oracle_mechanism_coverage,combined_stress,6,0.6578,0.0128,0.7478,0.0031,0.0134,0.0022,0.0532,0.0025,0.1035,0.0014,0.2083,0.0,0.7773,0.0023,35,0.0
